Ticker,Date,Open,High,Low,Close,Volume
BHASS,2022-11-01,50.0,50.0,,50.0,20
BHASS,2022-11-03,50.0,50.0,,50.0,38
BHASS,2022-12-14,50.01,50.01,,50.01,1000
BHASS,2022-12-27,50.0,50.01,,50.0,3
BHASS,2022-12-28,50.0,50.0,,50.0,15
BHASS,2022-08-02,48.5,48.5,48.5,48.5,43
BHASS,2022-08-16,48.5,48.5,48.5,48.5,12
BHASS,2022-08-22,48.5,48.5,48.5,48.5,30
BHASS,2022-08-24,48.5,48.5,48.5,48.5,10
BHASS,2022-09-01,48.5,48.5,48.5,48.5,12
BHASS,2022-09-02,48.5,48.5,48.5,48.5,50
BHASS,2022-09-16,49.0,49.0,48.5,49.0,12
BHASS,2022-09-19,49.0,49.0,49.0,49.0,1059
BHASS,2022-09-23,49.0,49.0,49.0,49.0,6
BHASS,2022-09-30,49.0,49.0,49.0,49.0,13
BHASS,2022-10-06,49.0,49.0,49.0,49.0,6
BHASS,2022-10-07,49.0,49.0,49.0,49.0,7
BHASS,2022-10-14,49.0,49.0,49.0,49.0,25
BHASS,2022-10-17,49.0,49.0,49.0,49.0,100
BHASS,2022-10-19,50.0,50.0,49.0,50.0,200
BHASS,2022-02-17,47.5,49.01,47.5,47.5,17
BHASS,2022-02-22,47.5,47.5,47.5,47.5,30
BHASS,2022-03-01,47.5,47.5,47.5,47.5,19
BHASS,2022-03-14,47.5,47.5,47.5,47.5,292
BHASS,2022-03-16,47.5,50.35,47.5,47.5,217
BHASS,2022-04-12,47.5,47.5,46.4,47.5,124
BHASS,2021-12-02,47.5,49.0,47.5,47.5,25
BHASS,2021-12-09,47.5,47.5,47.5,47.5,10
BHASS,2022-01-05,47.5,47.5,47.5,47.5,1
BHASS,2022-01-17,49.01,49.01,47.5,49.01,160
BHASS,2021-08-25,48.0,48.0,48.0,48.0,30
BHASS,2021-10-13,48.5,48.5,48.0,48.5,600
BHASS,2021-11-09,49.0,49.0,48.5,49.0,15
BHASS,2021-06-03,47.0,47.0,47.0,47.0,8
BHASS,2021-06-23,47.0,47.0,47.0,47.0,5
BHASS,2021-06-29,47.5,47.5,47.5,47.5,12
BHASS,2021-08-04,48.0,48.0,48.0,48.0,3
BHASS,2021-08-25,48.0,48.0,48.0,48.0,30
BHASS,2021-03-08,47.5,47.5,47.5,47.5,5
BHASS,2021-03-10,47.5,47.5,47.5,47.5,750
BHASS,2021-03-24,47.5,47.5,47.5,47.5,10
BHASS,2021-03-31,47.5,47.5,47.5,47.5,90440
BHASS,2021-04-07,47.5,47.5,47.5,47.5,80
BHASS,2020-12-14,47.51,47.51,47.51,47.51,200
BHASS,2020-12-15,47.52,47.52,47.5,47.5,10355
BHASS,2020-12-16,47.5,47.5,47.5,47.5,100
BHASS,2020-12-17,47.5,47.5,47.5,47.5,10000
BHASS,2020-12-18,47.5,47.5,47.5,47.5,20
BHASS,2020-12-21,47.5,47.5,47.5,47.5,15
BHASS,2020-12-23,47.5,47.5,47.5,47.5,10545
BHASS,2020-12-25,47.5,47.5,47.5,47.5,545
BHASS,2021-01-11,47.5,47.5,47.5,47.5,6348
BHASS,2021-01-12,47.5,47.5,47.5,47.5,21149
BHASS,2021-01-18,47.5,47.5,47.5,47.5,14320
BHASS,2021-01-20,47.5,47.5,47.5,47.5,200
BHASS,2021-01-29,47.5,47.5,47.5,47.5,1
BHASS,2021-02-01,48.9,48.9,48.9,48.9,1
BHASS,2021-02-03,47.5,47.5,47.5,47.5,148
BHASS,2021-02-05,47.5,47.5,47.5,47.5,139
BHASS,2021-02-12,47.5,47.5,47.5,47.5,150
BHASS,2021-02-17,47.5,47.5,47.5,47.5,103
BHASS,2021-03-08,47.5,47.5,47.5,47.5,5
BHASS,2020-09-22,52.5,54.07,52.5,54.07,283
BHASS,2020-09-23,54.1,54.1,53.0,53.0,450
BHASS,2020-09-24,54.59,56.22,54.59,56.22,10
BHASS,2020-09-28,56.17,56.17,56.17,56.17,1
BHASS,2020-09-29,54.54,56.17,54.54,56.17,152
BHASS,2020-09-30,54.54,54.54,54.54,54.54,650
BHASS,2020-10-01,54.54,54.54,53.0,53.0,2380
BHASS,2020-10-06,52.0,52.0,52.0,52.0,100
BHASS,2020-10-09,51.0,51.0,51.0,51.0,100
BHASS,2020-10-16,50.0,50.0,50.0,50.0,500
BHASS,2020-10-22,50.64,50.64,50.64,50.64,1000
BHASS,2020-10-27,49.13,49.13,49.13,49.13,7
BHASS,2020-11-02,49.5,49.5,49.5,49.5,10
BHASS,2020-11-06,48.99,48.99,48.99,48.99,2
BHASS,2020-11-09,47.53,47.53,47.53,47.53,250
BHASS,2020-11-12,47.5,47.5,47.5,47.5,112
BHASS,2020-11-13,47.5,47.5,47.5,47.5,680
BHASS,2020-11-17,47.5,47.5,47.5,47.5,1645
BHASS,2020-11-18,47.5,47.5,47.5,47.5,1507
BHASS,2020-11-19,47.5,47.5,47.5,47.5,3550
BHASS,2020-11-20,47.5,47.5,47.5,47.5,3000
BHASS,2020-11-23,47.5,47.5,47.5,47.5,3529
BHASS,2020-11-24,47.5,47.5,47.5,47.5,3004
BHASS,2020-11-25,47.5,47.51,47.5,47.51,4877
BHASS,2020-11-26,47.51,47.51,47.5,47.5,154
BHASS,2020-11-27,47.5,47.5,47.5,47.5,300
BHASS,2020-12-01,47.5,47.5,47.5,47.5,3000
BHASS,2020-12-03,47.5,47.5,47.5,47.5,3000
BHASS,2020-12-04,47.5,47.5,47.5,47.5,7500
BHASS,2020-12-08,47.5,47.5,47.5,47.5,120
BHASS,2020-12-10,47.51,47.51,47.51,47.51,200
BHASS,2020-06-26,34.4,34.4,34.4,34.4,1
BHASS,2020-06-30,35.0,35.0,35.0,35.0,93
BHASS,2020-07-01,35.0,35.0,35.0,35.0,2
BHASS,2020-07-02,35.0,35.0,35.0,35.0,6
BHASS,2020-07-03,36.05,36.05,36.05,36.05,550
BHASS,2020-07-06,37.0,37.0,37.0,37.0,10
BHASS,2020-07-07,37.62,37.62,37.62,37.62,277
BHASS,2020-07-08,39.31,39.31,39.31,39.31,4
BHASS,2020-07-10,40.0,40.0,39.99,39.99,205
BHASS,2020-07-13,39.99,39.99,39.99,39.99,5
BHASS,2020-07-17,40.0,40.0,40.0,40.0,200
BHASS,2020-07-21,40.0,40.0,40.0,40.0,671
BHASS,2020-07-23,41.0,41.0,41.0,41.0,500
BHASS,2020-07-27,40.0,40.0,40.0,40.0,1675
BHASS,2020-07-28,40.0,40.0,40.0,40.0,265
BHASS,2020-08-03,41.0,41.0,41.0,41.0,660
BHASS,2020-08-06,41.05,41.05,41.05,41.05,205
BHASS,2020-08-07,42.28,42.28,42.28,42.28,50
BHASS,2020-08-11,43.5,43.5,43.5,43.5,225
BHASS,2020-08-12,43.54,43.54,43.54,43.54,575
BHASS,2020-08-14,43.55,44.85,43.55,44.85,2901
BHASS,2020-08-25,45.0,45.0,45.0,45.0,100
BHASS,2020-08-26,46.15,46.15,46.15,46.15,1
BHASS,2020-09-01,46.0,46.0,46.0,46.0,500
BHASS,2020-09-04,44.0,47.0,44.0,47.0,540
BHASS,2020-09-09,47.0,47.0,47.0,47.0,7
BHASS,2020-09-10,48.0,48.0,48.0,48.0,116
BHASS,2020-09-11,48.1,49.0,48.1,49.0,745
BHASS,2020-09-14,49.9,51.39,49.9,51.39,100
BHASS,2020-09-15,51.39,52.5,51.39,52.5,189
BHASS,2020-05-07,27.35,27.35,27.35,27.35,48
BHASS,2020-05-08,28.17,28.17,28.17,28.17,50
BHASS,2020-05-11,29.01,29.01,29.01,29.01,50
BHASS,2020-05-12,28.14,28.14,28.14,28.14,600
BHASS,2020-05-13,28.0,28.0,28.0,28.0,126
BHASS,2020-05-14,27.99,27.99,27.99,27.99,1
BHASS,2020-05-15,28.82,28.82,28.82,28.82,250
BHASS,2020-05-20,26.32,26.32,26.32,26.32,2475
BHASS,2020-05-22,24.78,24.78,24.78,24.78,5000
BHASS,2020-05-26,25.0,25.0,25.0,25.0,528
BHASS,2020-05-28,25.0,25.0,25.0,25.0,2522
BHASS,2020-05-29,24.25,24.25,24.25,24.25,150
BHASS,2020-06-01,24.25,24.25,24.25,24.25,5051
BHASS,2020-06-02,24.25,24.25,24.25,24.25,24749
BHASS,2020-06-03,24.25,24.25,24.25,24.25,46825
BHASS,2020-06-04,24.97,24.97,24.97,24.97,500
BHASS,2020-06-05,25.71,25.71,25.71,25.71,75
BHASS,2020-06-08,26.48,27.27,26.48,27.27,128
BHASS,2020-06-09,28.08,28.08,28.08,28.08,100
BHASS,2020-06-10,28.92,28.92,28.92,28.92,1504
BHASS,2020-06-12,29.78,30.0,29.78,30.0,319
BHASS,2020-06-15,30.12,30.12,30.12,30.12,148
BHASS,2020-06-16,30.0,30.9,30.0,30.9,2850
BHASS,2020-06-17,30.0,30.2,30.0,30.2,983
BHASS,2020-06-18,31.55,31.55,31.55,31.55,200
BHASS,2020-06-19,32.49,32.49,32.49,32.49,20
BHASS,2020-06-22,33.4,33.4,33.4,33.4,208
BHASS,2020-06-24,33.4,34.0,33.4,34.0,200
BHASS,2020-06-25,34.4,34.4,34.4,34.4,36
BHASS,2020-06-26,34.4,34.4,34.4,34.4,1
BHASS,2020-01-16,27.69,27.69,27.69,27.69,1
BHASS,2020-01-21,29.0,29.0,28.13,28.13,61
BHASS,2020-01-23,28.1,28.1,28.1,28.1,30
BHASS,2020-01-29,27.26,27.26,27.26,27.26,1
BHASS,2020-01-31,26.05,26.05,26.05,26.05,244
BHASS,2020-02-03,26.05,26.05,25.3,25.3,108
BHASS,2020-02-07,26.0,26.0,26.0,26.0,1
BHASS,2020-02-21,27.58,27.58,27.58,27.58,130
BHASS,2020-02-27,27.0,27.0,27.0,27.0,30
BHASS,2020-03-17,25.79,25.79,25.79,25.79,4
BHASS,2019-10-18,26.55,26.55,26.55,26.55,200
BHASS,2019-10-21,27.0,27.0,27.0,27.0,41
BHASS,2019-10-22,27.5,27.5,27.5,27.5,30
BHASS,2019-10-23,28.0,28.51,28.0,28.51,700
BHASS,2019-10-24,29.0,29.0,29.0,29.0,550
BHASS,2019-10-25,29.5,29.5,29.5,29.5,50
BHASS,2019-10-28,29.5,30.38,29.5,30.38,236
BHASS,2019-10-29,30.99,31.0,30.99,31.0,50
BHASS,2019-10-30,31.5,31.5,31.5,31.5,190
BHASS,2019-10-31,30.6,31.51,30.6,31.51,1464
BHASS,2019-11-01,31.77,31.78,31.77,31.78,700
BHASS,2019-11-04,32.0,32.0,32.0,32.0,500
BHASS,2019-11-05,32.0,32.0,32.0,32.0,232
BHASS,2019-11-06,32.72,32.72,32.72,32.72,101
BHASS,2019-11-07,32.9,32.9,32.9,32.9,14
BHASS,2019-11-08,33.88,34.89,33.88,34.89,1006
BHASS,2019-11-18,33.85,33.85,33.85,33.85,15
BHASS,2019-11-19,33.5,33.5,33.0,33.0,21
BHASS,2019-11-21,33.0,33.0,33.0,33.0,83
BHASS,2019-11-26,33.0,33.95,33.0,33.95,2597
BHASS,2019-11-27,34.5,34.5,34.5,34.5,6
BHASS,2019-11-28,33.47,33.47,33.47,33.47,7
BHASS,2019-12-03,32.1,33.06,32.1,33.06,270
BHASS,2019-12-04,34.0,34.0,34.0,34.0,27
BHASS,2019-12-05,34.0,34.0,33.98,33.98,122
BHASS,2019-12-06,33.97,33.97,33.97,33.97,370
BHASS,2019-12-09,33.9,33.9,33.9,33.9,220
BHASS,2019-12-10,33.0,33.0,32.01,32.01,2
BHASS,2019-12-11,31.1,32.03,31.1,32.03,115
BHASS,2019-12-12,33.47,33.47,33.47,33.47,191
BHASS,2019-12-13,32.47,32.47,32.47,32.47,1
BHASS,2019-12-16,32.47,33.44,32.47,33.44,351
BHASS,2019-12-18,31.47,31.47,31.45,31.45,3
BHASS,2019-12-19,31.5,31.5,31.5,31.5,431
BHASS,2019-12-20,30.11,31.5,30.11,31.5,998
BHASS,2019-12-23,32.0,32.0,32.0,32.0,16
BHASS,2019-12-25,29.21,29.21,29.21,29.21,26
BHASS,2019-12-26,29.21,30.08,29.21,30.08,1594
BHASS,2019-12-27,29.19,29.19,29.19,29.19,1
BHASS,2020-01-02,32.3,32.3,32.3,32.3,5
BHASS,2020-01-06,30.85,30.85,30.85,30.85,1
BHASS,2019-09-03,25.78,25.78,25.78,25.78,25
BHASS,2019-10-04,26.54,26.54,26.54,26.54,179
BHASS,2019-05-08,25.6,25.6,25.6,25.6,193
BHASS,2019-05-16,24.96,24.96,24.96,24.96,8000
BHASS,2019-05-21,25.7,26.47,25.7,26.47,600
BHASS,2019-05-23,27.26,27.26,27.26,27.26,100
BHASS,2019-06-14,26.51,26.51,26.51,26.51,1
BHASS,2019-06-17,26.51,26.51,26.51,26.51,2
BHASS,2019-06-18,26.51,26.51,26.51,26.51,263
BHASS,2019-07-05,26.99,26.99,26.99,26.99,10
BHASS,2019-02-11,26.8,26.8,26.8,26.8,29
BHASS,2019-02-12,26.11,26.11,26.11,26.11,18
BHASS,2019-02-20,26.11,26.11,26.11,26.11,1550
BHASS,2019-02-25,26.49,26.49,26.49,26.49,560
BHASS,2019-02-26,26.5,26.5,26.5,26.5,50
BHASS,2019-03-04,26.5,26.5,26.5,26.5,20
BHASS,2019-03-05,26.5,26.5,26.5,26.5,447
BHASS,2019-03-12,26.5,26.5,26.5,26.5,77
BHASS,2019-03-13,26.5,26.5,26.5,26.5,121
BHASS,2019-03-14,26.5,26.5,26.5,26.5,168
BHASS,2019-03-15,26.5,26.5,26.5,26.5,100
BHASS,2019-03-18,26.5,26.5,26.5,26.5,67
BHASS,2019-03-19,26.5,26.5,26.5,26.5,500
BHASS,2019-04-05,25.71,25.71,25.71,25.71,4
BHASS,2019-04-11,26.5,26.5,26.5,26.5,129
BHASS,2019-04-16,24.94,24.94,24.94,24.94,28
BHASS,2019-04-23,25.68,25.68,25.68,25.68,50
BHASS,2018-11-12,31.9,31.9,31.9,31.9,10
BHASS,2018-11-13,32.85,32.85,32.85,32.85,210
BHASS,2018-11-14,31.87,31.87,31.87,31.87,10
BHASS,2018-11-15,31.87,31.87,31.87,31.87,160
BHASS,2018-11-19,32.82,32.82,31.84,31.84,20
BHASS,2018-11-22,31.7,31.7,31.7,31.7,11
BHASS,2018-11-26,31.67,31.7,31.67,31.7,510
BHASS,2018-11-30,31.8,32.75,31.8,32.75,185
BHASS,2018-12-04,33.73,33.73,33.73,33.73,10
BHASS,2018-12-12,33.7,33.7,33.7,33.7,2
BHASS,2018-12-13,33.4,33.4,33.4,33.4,23
BHASS,2018-12-14,33.4,33.4,33.4,33.4,12
BHASS,2018-12-17,33.4,33.4,33.4,33.4,13
BHASS,2018-12-18,33.4,33.4,33.4,33.4,73
BHASS,2018-12-19,32.4,33.0,32.4,33.0,50
BHASS,2018-12-25,32.0,32.0,32.0,32.0,45
BHASS,2018-12-27,33.4,33.4,33.4,33.4,23
BHASS,2018-12-31,33.4,33.4,33.4,33.4,20
BHASS,2019-01-16,31.82,31.82,31.82,31.82,10
BHASS,2019-01-22,26.91,26.91,26.91,26.91,10
BHASS,2019-01-23,26.91,26.91,26.91,26.91,5
BHASS,2018-08-20,27.0,27.0,27.0,27.0,45
BHASS,2018-08-27,26.3,26.3,26.3,26.3,46
BHASS,2018-09-04,26.2,26.2,26.2,26.2,10
BHASS,2018-09-06,26.2,26.2,26.01,26.01,258
BHASS,2018-09-07,26.2,26.2,26.2,26.2,87
BHASS,2018-09-12,26.98,26.98,26.98,26.98,15
BHASS,2018-09-17,27.78,27.78,27.78,27.78,11
BHASS,2018-09-18,27.78,27.78,27.78,27.78,15
BHASS,2018-09-21,27.75,27.75,27.75,27.75,3
BHASS,2018-09-27,26.2,26.2,26.2,26.2,263
BHASS,2018-10-05,26.2,26.2,26.2,26.2,65
BHASS,2018-10-09,26.0,26.0,26.0,26.0,269
BHASS,2018-10-19,26.78,26.78,26.78,26.78,50
BHASS,2018-10-23,28.4,28.4,28.4,28.4,100
BHASS,2018-10-25,29.25,29.25,29.25,29.25,100
BHASS,2018-10-26,30.0,30.0,30.0,30.0,50
BHASS,2018-10-30,30.9,30.9,30.9,30.9,40
BHASS,2018-10-31,30.9,31.0,30.9,31.0,162
BHASS,2018-11-06,31.93,31.93,31.93,31.93,100
BHASS,2018-11-07,32.88,32.88,32.88,32.88,20
BHASS,2018-05-23,26.07,26.07,26.07,26.07,25
BHASS,2018-05-28,26.2,26.2,26.2,26.2,20
BHASS,2018-06-13,26.2,26.2,26.2,26.2,50
BHASS,2018-06-14,26.2,26.2,26.2,26.2,57
BHASS,2018-06-19,26.2,26.2,26.2,26.2,10
BHASS,2018-06-20,26.2,26.2,26.2,26.2,164
BHASS,2018-06-25,26.2,26.2,26.2,26.2,150
BHASS,2018-06-28,26.0,26.0,26.0,26.0,265
BHASS,2018-07-04,26.0,26.0,26.0,26.0,195
BHASS,2018-07-05,26.0,26.0,26.0,26.0,59
BHASS,2018-07-10,26.0,26.0,26.0,26.0,12
BHASS,2018-07-11,26.02,26.02,26.02,26.02,3
BHASS,2018-07-12,26.02,26.02,26.02,26.02,49
BHASS,2018-07-17,26.02,26.02,26.02,26.02,275
BHASS,2018-07-23,27.6,27.6,27.6,27.6,60
BHASS,2018-07-24,27.5,27.5,27.5,27.5,14
BHASS,2018-07-27,27.5,27.5,27.5,27.5,21
BHASS,2018-07-30,26.3,26.3,26.3,26.3,65
BHASS,2018-08-03,27.08,27.08,27.08,27.08,5
BHASS,2018-08-08,27.08,27.08,27.08,27.08,1000
BHASS,2018-08-09,27.08,27.08,27.08,27.08,60
BHASS,2018-03-02,29.66,29.66,29.66,29.66,20
BHASS,2018-03-07,29.66,29.66,29.66,29.66,2
BHASS,2018-03-12,29.49,29.49,29.49,29.49,100
BHASS,2018-03-14,29.66,29.66,29.66,29.66,88
BHASS,2018-03-30,29.66,29.66,29.66,29.66,62
BHASS,2018-04-03,30.88,30.88,30.88,30.88,15
BHASS,2018-04-04,30.88,30.88,30.88,30.88,13
BHASS,2018-04-18,30.87,30.87,29.96,29.96,5
BHASS,2018-04-19,30.88,30.88,30.88,30.88,3
BHASS,2018-04-26,30.88,30.88,30.88,30.88,20
BHASS,2018-05-02,29.88,29.88,29.88,29.88,8
BHASS,2018-05-07,29.0,29.0,29.0,29.0,45
BHASS,2018-05-10,26.87,26.87,26.87,26.87,5
BHASS,2018-05-11,26.07,26.07,26.07,26.07,3
BHASS,2018-05-15,26.07,26.07,26.07,26.07,5
BHASS,2018-05-16,26.07,26.07,26.07,26.07,34
BHASS,2018-05-22,26.07,26.07,26.07,26.07,10
BHASS,2018-05-23,26.07,26.07,26.07,26.07,25
BHASS,2017-12-12,33.5,33.5,33.5,33.5,10
BHASS,2017-12-19,33.5,33.5,33.5,33.5,120
BHASS,2017-12-20,33.5,33.5,33.5,33.5,50
BHASS,2017-12-21,33.5,33.5,33.5,33.5,3
BHASS,2017-12-25,33.5,33.5,33.5,33.5,26
BHASS,2017-12-28,33.5,33.5,33.5,33.5,15
BHASS,2017-12-29,33.5,33.5,33.5,33.5,180
BHASS,2018-01-05,32.5,32.5,32.5,32.5,30
BHASS,2018-01-10,31.53,31.53,31.53,31.53,12
BHASS,2018-01-12,32.5,32.5,32.5,32.5,20
BHASS,2018-01-15,32.5,32.5,32.5,32.5,30
BHASS,2018-01-16,32.51,32.51,32.51,32.51,41
BHASS,2018-01-17,32.5,32.5,32.5,32.5,139
BHASS,2018-01-18,32.5,32.5,32.5,32.5,30
BHASS,2018-01-26,34.0,34.0,34.0,34.0,19
BHASS,2018-02-21,32.47,32.47,32.47,32.47,50
BHASS,2018-02-22,31.5,31.5,31.5,31.5,60
BHASS,2018-02-26,30.57,30.57,30.57,30.57,33
BHASS,2017-10-09,33.76,33.76,33.76,33.76,19
BHASS,2017-10-10,33.76,33.76,33.76,33.76,310
BHASS,2017-10-23,33.5,33.5,33.5,33.5,29
BHASS,2017-10-24,33.7,33.7,33.7,33.7,100
BHASS,2017-10-25,33.7,33.7,33.7,33.7,30
BHASS,2017-11-03,33.7,33.7,33.7,33.7,100
BHASS,2017-11-06,33.7,33.7,33.7,33.7,115
BHASS,2017-11-09,34.0,34.0,34.0,34.0,6
BHASS,2017-11-15,34.0,34.2,34.0,34.2,20
BHASS,2017-11-27,34.0,34.0,34.0,34.0,19
BHASS,2017-06-21,36.38,36.38,36.38,36.38,10
BHASS,2017-06-29,36.35,36.35,36.35,36.35,1000
BHASS,2017-07-11,36.35,36.35,36.35,36.35,529
BHASS,2017-07-18,36.5,36.5,36.5,36.5,15
BHASS,2017-08-01,36.5,36.5,36.5,36.5,5
BHASS,2017-08-02,36.5,36.5,36.5,36.5,125
BHASS,2017-08-10,35.41,35.41,35.41,35.41,1
BHASS,2017-08-14,32.81,32.81,32.81,32.81,30
BHASS,2017-08-23,33.79,33.79,33.79,33.79,3
BHASS,2017-08-25,34.8,34.8,34.8,34.8,500
BHASS,2017-09-05,34.8,34.8,34.8,34.8,13
BHASS,2017-04-03,34.96,34.96,34.96,34.96,10
BHASS,2017-04-07,32.71,32.71,32.71,32.71,1
BHASS,2017-04-11,32.71,32.71,32.71,32.71,50
BHASS,2017-04-14,33.69,33.69,33.69,33.69,32
BHASS,2017-04-20,30.29,30.29,30.29,30.29,6
BHASS,2017-04-24,32.59,32.59,32.59,32.59,31
BHASS,2017-04-25,33.56,33.56,33.56,33.56,19
BHASS,2017-04-28,33.56,34.56,33.56,34.56,590
BHASS,2017-05-05,39.41,39.41,39.41,39.41,5
BHASS,2017-05-10,39.41,39.41,39.41,39.41,20
BHASS,2017-06-13,36.51,36.51,36.51,36.51,40
BHASS,2017-06-16,37.5,37.5,37.5,37.5,251
BHASS,2016-12-29,41.23,41.23,41.23,41.23,3
BHASS,2016-12-30,40.0,40.0,40.0,40.0,4
BHASS,2017-01-10,41.99,41.99,41.99,41.99,240
BHASS,2017-01-20,40.11,40.11,40.11,40.11,60
BHASS,2017-02-03,37.16,37.16,37.16,37.16,1048
BHASS,2017-02-13,37.13,37.13,37.13,37.13,10
BHASS,2017-02-15,35.46,35.46,35.46,35.46,500
BHASS,2017-02-16,33.87,33.87,33.87,33.87,500
BHASS,2017-02-17,32.86,32.86,32.86,32.86,2905
BHASS,2017-02-20,33.0,33.0,33.0,33.0,500
BHASS,2017-02-21,33.8,33.8,33.8,33.8,100
BHASS,2017-02-22,33.87,33.87,33.87,33.87,146
BHASS,2017-02-24,33.87,33.87,33.87,33.87,2
BHASS,2017-02-28,32.86,32.86,32.86,32.86,3
BHASS,2017-03-02,32.86,32.86,32.86,32.86,112
BHASS,2017-03-07,31.88,31.88,31.88,31.88,20
BHASS,2017-03-10,35.3,35.3,35.3,35.3,250
BHASS,2016-10-06,42.5,42.5,42.5,42.5,64
BHASS,2016-10-07,40.6,42.75,40.6,42.75,1010
BHASS,2016-10-19,40.83,42.99,40.83,42.99,1300
BHASS,2016-10-20,42.5,43.0,42.5,43.0,1053
BHASS,2016-10-21,42.5,42.5,42.5,42.5,427
BHASS,2016-10-24,42.5,42.5,42.5,42.5,10
BHASS,2016-10-26,42.5,42.5,42.5,42.5,10
BHASS,2016-10-28,42.5,42.5,42.5,42.5,250
BHASS,2016-11-07,42.5,42.5,42.5,42.5,15
BHASS,2016-11-09,42.5,42.5,42.5,42.5,129
BHASS,2016-11-18,42.5,42.5,42.5,42.5,650
BHASS,2016-12-22,42.5,42.5,42.5,42.5,84
BHASS,2016-12-29,41.23,41.23,41.23,41.23,3
BHASS,2016-07-12,41.0,41.0,41.0,41.0,2000
BHASS,2016-07-13,41.0,41.0,41.0,41.0,1000
BHASS,2016-07-14,41.0,41.0,41.0,41.0,1000
BHASS,2016-07-15,41.0,41.0,41.0,41.0,11
BHASS,2016-07-18,41.12,41.12,41.12,41.12,15
BHASS,2016-07-19,41.12,41.12,41.12,41.12,1000
BHASS,2016-07-26,41.12,41.12,41.12,41.12,1100
BHASS,2016-07-27,41.12,41.12,41.12,41.12,2000
BHASS,2016-07-28,41.12,41.12,41.12,41.12,2000
BHASS,2016-07-29,41.12,41.12,41.12,41.12,1000
BHASS,2016-08-02,41.12,41.12,41.12,41.12,1000
BHASS,2016-08-03,42.0,42.0,42.0,42.0,60
BHASS,2016-08-04,42.0,42.0,42.0,42.0,1178
BHASS,2016-08-08,42.0,42.0,42.0,42.0,1000
BHASS,2016-08-11,42.0,42.0,42.0,42.0,1000
BHASS,2016-08-12,42.0,42.0,42.0,42.0,1000
BHASS,2016-08-15,42.0,42.0,42.0,42.0,1000
BHASS,2016-08-16,42.0,42.0,42.0,42.0,2000
BHASS,2016-08-29,42.0,42.0,42.0,42.0,3500
BHASS,2016-08-30,42.5,42.5,42.5,42.5,2500
BHASS,2016-08-31,42.5,42.5,42.5,42.5,1000
BHASS,2016-09-27,42.5,42.5,42.5,42.5,751
BHASS,2016-09-30,42.5,42.5,42.5,42.5,3000
BHASS,2016-10-04,42.5,42.5,42.5,42.5,20
BHASS,2016-04-18,26.1,26.88,26.1,26.88,94570
BHASS,2016-04-19,27.01,27.82,27.01,27.82,29341
BHASS,2016-04-20,28.5,28.5,28.5,28.5,9908
BHASS,2016-04-21,29.35,29.35,29.34,29.34,6320
BHASS,2016-04-22,30.0,30.0,30.0,30.0,19682
BHASS,2016-04-25,30.5,30.5,30.43,30.43,1015
BHASS,2016-04-26,30.43,30.43,30.0,30.0,8924
BHASS,2016-04-27,30.0,30.5,30.0,30.5,868
BHASS,2016-04-28,31.0,31.0,31.0,31.0,2771
BHASS,2016-04-29,31.0,31.0,31.0,31.0,2200
BHASS,2016-05-02,31.3,31.8,31.3,31.8,2675
BHASS,2016-05-03,32.2,32.2,32.0,32.0,1030
BHASS,2016-05-04,32.01,32.02,32.01,32.02,3098
BHASS,2016-05-05,33.46,33.46,33.46,33.46,2830
BHASS,2016-05-06,34.96,34.96,34.96,34.96,8885
BHASS,2016-05-09,36.53,36.53,36.53,36.53,1695
BHASS,2016-05-10,37.6,37.6,37.6,37.6,4105
BHASS,2016-05-12,40.0,40.1,40.0,40.0,11100
BHASS,2016-05-13,40.0,40.0,38.8,38.8,1946
BHASS,2016-05-16,39.0,39.9,39.0,39.0,1967
BHASS,2016-05-17,40.0,40.0,39.99,40.0,3277
BHASS,2016-05-18,40.0,40.0,40.0,40.0,1023
BHASS,2016-05-19,40.0,40.0,40.0,40.0,1618
BHASS,2016-05-20,40.0,40.0,40.0,40.0,940
BHASS,2016-05-23,39.0,40.0,39.0,40.0,8468
BHASS,2016-05-24,39.0,40.0,39.0,40.0,7645
BHASS,2016-05-25,39.11,40.28,39.11,40.28,7460
BHASS,2016-05-26,41.0,41.0,41.0,41.0,5000
BHASS,2016-05-27,41.0,41.0,41.0,41.0,50
BHASS,2016-06-01,41.0,41.0,41.0,41.0,1000
BHASS,2016-06-02,41.0,41.0,41.0,41.0,1000
BHASS,2016-06-06,41.0,41.0,41.0,41.0,5000
BHASS,2016-06-09,39.77,39.77,39.77,39.77,14
BHASS,2016-06-13,39.7,39.7,39.7,39.7,226
BHASS,2016-06-14,40.0,40.0,40.0,40.0,1467
BHASS,2016-06-15,41.0,41.0,41.0,41.0,2500
BHASS,2016-06-16,41.0,41.0,41.0,41.0,1000
BHASS,2016-06-22,41.0,41.0,41.0,41.0,4000
BHASS,2016-06-23,41.0,41.0,41.0,41.0,2033
BHASS,2016-06-24,41.0,41.0,41.0,41.0,50
BHASS,2016-06-28,41.0,41.0,41.0,41.0,1000
BHASS,2016-06-29,41.0,41.0,41.0,41.0,460
BHASS,2016-06-30,41.0,41.0,41.0,41.0,1180
BHASS,2016-07-11,41.0,41.0,41.0,41.0,2000
BHASS,2016-07-12,41.0,41.0,41.0,41.0,2000
BHASS,2016-01-25,25.5,25.5,25.5,25.5,50
BHASS,2016-01-28,24.0,24.0,24.0,24.0,109
BHASS,2016-01-29,25.09,25.09,25.09,25.09,8
BHASS,2016-02-02,24.33,24.33,24.33,24.33,9
BHASS,2016-02-08,24.29,24.29,24.29,24.29,669
BHASS,2016-02-12,23.57,23.57,23.57,23.57,8
BHASS,2016-02-16,24.0,24.0,24.0,24.0,5
BHASS,2016-02-18,23.99,23.99,23.99,23.99,1000
BHASS,2016-02-25,23.97,23.97,23.97,23.97,1000
BHASS,2016-02-26,23.97,23.97,23.97,23.97,280
BHASS,2016-02-29,23.97,23.97,23.97,23.97,984
BHASS,2016-03-02,23.9,23.9,23.9,23.9,40
BHASS,2016-03-03,23.9,23.9,23.9,23.9,264
BHASS,2016-03-08,23.5,23.5,23.5,23.5,590
BHASS,2016-03-09,23.48,23.48,23.48,23.48,43
BHASS,2016-03-10,22.78,22.78,22.78,22.78,265
BHASS,2016-03-18,22.1,22.51,22.1,22.51,265
BHASS,2016-03-22,22.51,22.51,22.51,22.51,268
BHASS,2016-03-25,22.51,22.51,22.51,22.51,70
BHASS,2016-03-29,22.51,22.51,22.51,22.51,150
BHASS,2016-03-31,22.51,22.51,22.51,22.51,50
BHASS,2016-04-01,22.46,22.46,22.46,22.46,50
BHASS,2016-04-11,25.0,25.0,25.0,25.0,90
BHASS,2016-04-12,25.8,25.8,25.8,25.8,31609
BHASS,2016-04-13,25.81,25.99,25.81,25.82,42207
BHASS,2016-04-14,25.9,26.0,25.9,26.0,45863
BHASS,2016-04-15,26.1,26.11,26.1,26.11,3019
BHASS,2016-04-18,26.1,26.88,26.1,26.88,94570
BHASS,2015-11-02,25.48,25.48,25.41,25.41,779
BHASS,2015-11-03,25.7,25.7,25.41,25.41,785
BHASS,2015-11-04,25.41,25.41,24.73,25.41,3315
BHASS,2015-11-05,25.41,25.41,25.41,25.41,90
BHASS,2015-11-06,25.41,25.41,25.0,25.0,2217
BHASS,2015-11-09,25.0,25.75,25.0,25.75,1000
BHASS,2015-11-10,25.6,25.6,25.0,25.0,318
BHASS,2015-11-11,25.75,25.75,25.01,25.01,175
BHASS,2015-11-12,25.7,25.7,25.41,25.41,275
BHASS,2015-11-13,25.0,25.0,25.0,25.0,5050
BHASS,2015-11-16,25.2,25.2,24.98,24.98,580
BHASS,2015-11-17,24.7,25.4,24.7,25.4,1172
BHASS,2015-11-18,25.6,25.6,25.6,25.6,122
BHASS,2015-11-20,25.26,25.3,25.26,25.3,178
BHASS,2015-11-23,25.6,25.6,25.6,25.6,1742
BHASS,2015-11-24,25.02,25.77,25.02,25.77,408
BHASS,2015-11-25,26.2,26.2,25.6,25.6,1570
BHASS,2015-11-26,26.19,26.19,26.0,26.0,866
BHASS,2015-11-27,26.2,26.21,26.1,26.1,1580
BHASS,2015-11-30,26.0,26.01,26.0,26.01,2640
BHASS,2015-12-01,26.0,26.0,26.0,26.0,6237
BHASS,2015-12-03,25.32,25.9,25.32,25.9,455
BHASS,2015-12-04,26.0,26.0,26.0,26.0,650
BHASS,2015-12-07,26.0,26.0,26.0,26.0,4400
BHASS,2015-12-08,26.5,26.5,26.5,26.5,4000
BHASS,2015-12-09,26.5,26.5,26.5,26.5,2335
BHASS,2015-12-10,27.29,28.1,27.29,28.1,2072
BHASS,2015-12-11,28.0,28.0,27.99,27.99,3563
BHASS,2015-12-15,28.5,28.5,28.5,28.5,2380
BHASS,2015-12-16,28.4,28.4,27.22,27.22,85
BHASS,2015-12-17,28.03,28.35,27.19,27.19,230
BHASS,2015-12-18,28.3,28.3,28.28,28.28,46
BHASS,2015-12-21,28.27,28.27,28.0,28.0,134
BHASS,2015-12-22,28.0,28.0,27.5,27.5,1028
BHASS,2015-12-23,28.0,28.0,28.0,28.0,12
BHASS,2015-12-25,27.5,27.5,27.5,27.5,83
BHASS,2015-12-28,27.8,27.8,27.8,27.8,1
BHASS,2015-12-29,27.5,27.5,27.5,27.5,61
BHASS,2016-01-18,25.09,25.09,25.09,25.09,1
BHASS,2016-01-19,26.2,26.2,26.2,26.2,500
BHASS,2016-01-21,25.5,25.5,25.5,25.5,100
BHASS,2015-08-18,20.52,20.52,20.52,20.52,3
BHASS,2015-08-19,20.52,20.52,20.52,20.52,100
BHASS,2015-08-21,20.52,20.52,20.52,20.52,3
BHASS,2015-08-25,20.5,20.5,20.5,20.5,10
BHASS,2015-08-28,20.0,20.0,20.0,20.0,3
BHASS,2015-08-31,20.0,20.0,19.9,19.9,113
BHASS,2015-09-01,19.91,20.0,19.91,20.0,599
BHASS,2015-09-02,19.9,20.0,19.9,20.0,1166
BHASS,2015-09-07,20.0,20.0,20.0,20.0,1000
BHASS,2015-09-08,19.5,19.5,19.5,19.5,90
BHASS,2015-09-09,19.5,19.5,19.5,19.5,10
BHASS,2015-09-10,20.37,20.37,20.37,20.37,5
BHASS,2015-09-21,20.37,20.37,20.37,20.37,69
BHASS,2015-09-22,20.36,20.36,20.36,20.36,150
BHASS,2015-09-23,19.8,19.8,19.8,19.8,100
BHASS,2015-09-28,19.8,20.39,19.8,20.39,199
BHASS,2015-09-29,19.92,20.39,19.92,20.39,185
BHASS,2015-09-30,19.82,19.82,19.82,19.82,2630
BHASS,2015-10-02,20.5,20.5,20.5,20.5,190
BHASS,2015-10-08,20.5,21.11,20.5,21.11,530
BHASS,2015-10-09,21.22,21.22,21.22,21.22,17
BHASS,2015-10-12,21.85,21.85,21.85,21.85,620
BHASS,2015-10-13,21.85,21.85,21.85,21.85,14
BHASS,2015-10-16,22.01,22.01,22.01,22.01,100
BHASS,2015-10-19,22.67,22.67,22.67,22.67,68
BHASS,2015-10-20,21.99,21.99,21.99,21.99,100
BHASS,2015-10-21,22.64,22.64,22.64,22.64,96
BHASS,2015-10-26,22.64,23.32,22.64,23.32,140
BHASS,2015-10-27,24.0,24.0,24.0,24.0,730
BHASS,2015-10-28,24.72,25.46,24.72,25.46,1743
BHASS,2015-10-29,26.22,26.22,26.22,26.22,229
BHASS,2015-10-30,26.2,26.2,25.46,25.46,985
BHASS,2015-05-14,20.9,20.9,20.9,20.9,1520
BHASS,2015-05-15,20.99,20.99,20.99,20.99,10
BHASS,2015-05-18,21.0,21.0,21.0,21.0,5
BHASS,2015-05-20,19.76,20.35,19.76,20.35,215
BHASS,2015-05-21,19.62,20.95,19.62,20.95,26
BHASS,2015-05-22,20.95,20.95,20.95,20.95,462
BHASS,2015-05-25,20.95,20.95,20.95,20.95,118
BHASS,2015-05-27,21.0,21.0,21.0,21.0,277
BHASS,2015-06-01,20.51,20.51,20.51,20.51,8
BHASS,2015-06-02,20.51,20.51,20.51,20.51,92
BHASS,2015-06-04,19.9,19.9,19.9,19.9,4
BHASS,2015-06-05,19.91,20.5,19.91,20.5,207
BHASS,2015-06-09,20.04,20.04,20.04,20.04,4
BHASS,2015-06-10,20.5,20.5,20.5,20.5,130
BHASS,2015-06-11,20.52,20.52,20.52,20.52,30
BHASS,2015-06-12,21.0,21.0,21.0,21.0,361
BHASS,2015-06-17,21.45,21.5,21.45,21.49,207
BHASS,2015-06-23,21.0,21.0,21.0,21.0,14
BHASS,2015-06-25,21.6,21.6,21.6,21.6,404
BHASS,2015-06-26,21.6,21.6,21.6,21.6,20
BHASS,2015-06-29,21.6,21.6,21.6,21.6,421
BHASS,2015-07-03,21.1,21.1,21.1,21.1,86
BHASS,2015-07-09,21.09,21.09,21.09,21.09,444
BHASS,2015-07-10,21.72,21.72,21.72,21.72,30
BHASS,2015-07-13,21.72,21.72,21.72,21.72,45
BHASS,2015-07-14,21.72,21.72,21.72,21.72,5
BHASS,2015-07-15,21.72,21.72,21.72,21.72,105
BHASS,2015-07-20,21.72,21.72,21.72,21.72,500
BHASS,2015-07-22,21.37,21.37,21.37,21.37,77
BHASS,2015-07-24,21.5,21.5,21.5,21.5,500
BHASS,2015-07-27,21.5,21.5,21.5,21.5,1301
BHASS,2015-07-28,20.54,20.54,20.54,20.54,35
BHASS,2015-08-06,21.15,21.15,21.15,21.15,388
BHASS,2015-03-31,20.47,20.47,20.47,20.47,70
BHASS,2015-04-01,20.14,21.08,20.14,21.08,10005
BHASS,2015-04-02,21.5,21.5,21.5,21.5,120
BHASS,2015-04-03,21.7,21.7,21.2,21.2,400
BHASS,2015-04-06,21.0,21.0,21.0,21.0,400
BHASS,2015-04-07,20.37,20.37,20.37,20.37,800
BHASS,2015-04-08,20.37,20.37,20.37,20.37,500
BHASS,2015-04-10,20.95,21.57,20.95,21.57,493
BHASS,2015-04-13,22.2,22.86,22.2,22.86,22
BHASS,2015-04-14,23.4,23.4,23.4,23.4,4
BHASS,2015-04-17,23.1,23.1,23.1,23.1,2
BHASS,2015-04-23,21.1,21.1,21.1,21.1,19
BHASS,2015-04-24,20.95,20.95,20.95,20.95,50
BHASS,2015-04-27,20.89,20.89,20.89,20.89,150
BHASS,2015-04-28,20.0,20.0,20.0,20.0,110
BHASS,2015-04-29,19.4,19.4,19.4,19.4,629
BHASS,2015-05-06,19.4,19.4,19.4,19.4,53
BHASS,2015-05-07,19.0,19.0,19.0,19.0,50
BHASS,2015-05-11,19.01,19.01,19.01,19.01,50
BHASS,2015-05-12,20.01,20.01,20.0,20.01,570
BHASS,2015-05-13,20.91,20.91,20.89,20.89,503
BHASS,2015-05-14,20.9,20.9,20.9,20.9,1520
BHASS,2014-11-25,21.3,21.3,21.3,21.3,150
BHASS,2014-11-26,21.39,21.93,21.3,21.93,1420
BHASS,2014-11-27,22.01,22.5,22.01,22.5,70
BHASS,2014-11-28,22.5,22.5,22.49,22.5,269
BHASS,2014-12-01,23.0,23.17,22.0,23.0,800
BHASS,2014-12-02,23.0,23.2,22.31,23.0,3220
BHASS,2014-12-03,23.15,23.15,23.0,23.0,220
BHASS,2014-12-04,22.98,23.6,22.98,23.6,2318
BHASS,2014-12-05,23.62,24.3,23.62,24.3,490
BHASS,2014-12-08,24.6,24.8,24.6,24.6,1240
BHASS,2014-12-09,24.7,24.7,24.63,24.65,1240
BHASS,2014-12-10,24.6,24.6,24.6,24.6,20
BHASS,2014-12-11,24.7,24.7,24.7,24.7,2000
BHASS,2014-12-12,24.6,24.68,24.6,24.68,1750
BHASS,2014-12-15,24.56,24.58,24.53,24.53,1450
BHASS,2014-12-16,24.54,24.54,24.54,24.54,1370
BHASS,2014-12-17,24.5,24.53,23.9,24.52,1810
BHASS,2014-12-18,24.52,24.53,24.5,24.5,520
BHASS,2014-12-19,24.53,25.0,24.0,25.0,3549
BHASS,2014-12-22,25.0,25.5,24.98,25.5,2689
BHASS,2014-12-23,26.1,26.26,26.1,26.26,650
BHASS,2014-12-24,26.5,26.5,26.5,26.5,30
BHASS,2014-12-26,26.0,26.0,25.99,26.0,566
BHASS,2014-12-29,26.0,26.0,26.0,26.0,30
BHASS,2014-12-30,26.0,26.3,26.0,26.3,1600
BHASS,2015-01-06,25.52,25.52,25.52,25.52,100
BHASS,2015-01-19,24.8,24.8,24.8,24.8,2050
BHASS,2015-01-20,24.06,24.06,24.06,24.06,2000
BHASS,2015-01-21,23.34,23.34,23.34,23.34,189
BHASS,2015-01-26,22.64,22.64,22.64,22.64,9000
BHASS,2015-01-27,22.64,22.64,22.64,22.64,8
BHASS,2015-01-29,22.64,22.64,22.64,22.64,3522
BHASS,2014-09-01,18.75,19.4,18.53,19.4,2071
BHASS,2014-09-02,18.82,18.82,18.82,18.82,424
BHASS,2014-09-04,18.26,18.82,18.26,18.82,500
BHASS,2014-09-05,19.35,19.35,19.35,19.35,2
BHASS,2014-09-09,18.78,19.3,18.78,19.3,12
BHASS,2014-09-15,18.73,18.73,18.73,18.73,10
BHASS,2014-09-16,19.25,19.25,18.4,18.9,42
BHASS,2014-09-17,18.73,19.25,18.73,19.25,11
BHASS,2014-09-18,18.7,18.7,18.14,18.14,1007
BHASS,2014-09-19,18.14,18.14,17.6,17.6,1101
BHASS,2014-09-22,18.12,18.12,17.08,18.12,240
BHASS,2014-09-24,17.58,18.0,17.58,18.0,13
BHASS,2014-09-25,18.0,18.0,18.0,18.0,8
BHASS,2014-10-06,18.05,18.1,18.05,18.1,100
BHASS,2014-10-07,17.56,17.56,17.56,17.56,150
BHASS,2014-10-08,17.56,18.08,17.56,18.08,51
BHASS,2014-10-09,17.54,17.54,17.54,17.54,500
BHASS,2014-10-14,17.54,17.54,17.54,17.54,500
BHASS,2014-10-16,17.54,17.56,17.54,17.56,119
BHASS,2014-10-17,17.3,17.3,17.3,17.3,1000
BHASS,2014-10-20,17.3,17.3,17.02,17.02,2500
BHASS,2014-10-21,17.1,17.1,17.1,17.1,500
BHASS,2014-10-22,17.02,17.96,17.01,17.96,1107
BHASS,2014-10-23,17.95,18.0,17.43,17.9,183
BHASS,2014-10-27,17.9,18.4,17.37,18.4,98
BHASS,2014-10-28,17.85,18.4,17.85,18.4,2102
BHASS,2014-10-29,17.85,18.4,17.85,18.4,923
BHASS,2014-10-30,17.85,17.85,17.85,17.85,8450
BHASS,2014-10-31,18.38,18.38,18.37,18.38,440
BHASS,2014-11-03,18.4,18.68,18.38,18.38,1000
BHASS,2014-11-05,18.65,18.65,18.65,18.65,1
BHASS,2014-11-06,18.1,18.5,18.1,18.5,271
BHASS,2014-11-07,18.65,18.65,18.65,18.65,300
BHASS,2014-11-11,18.4,18.4,18.4,18.4,10
BHASS,2014-11-12,18.4,18.9,18.4,18.9,3176
BHASS,2014-11-13,19.0,19.46,19.0,19.46,226
BHASS,2014-11-14,19.9,19.9,19.9,19.9,150
BHASS,2014-11-17,20.1,20.4,20.1,20.4,450
BHASS,2014-11-18,20.4,20.4,20.4,20.4,1408
BHASS,2014-11-19,20.4,21.01,20.4,20.4,2810
BHASS,2014-11-20,20.6,20.6,20.5,20.5,4
BHASS,2014-11-21,20.49,20.49,20.49,20.49,2
BHASS,2014-11-24,20.49,21.1,19.89,21.0,12983
BHASS,2014-11-25,21.3,21.3,21.3,21.3,150
BHASS,2014-06-09,21.33,21.97,21.33,21.33,1325
BHASS,2014-06-10,21.96,21.96,21.96,21.96,29
BHASS,2014-06-11,21.31,21.31,21.31,21.31,7
BHASS,2014-06-13,20.7,20.7,20.7,20.7,19
BHASS,2014-06-17,21.32,21.32,21.32,21.32,1490
BHASS,2014-06-18,20.47,20.47,20.47,20.47,100
BHASS,2014-06-20,20.47,20.47,20.47,20.47,1
BHASS,2014-06-25,20.97,20.97,20.97,20.97,1
BHASS,2014-06-27,20.88,20.88,20.88,20.88,90
BHASS,2014-07-02,20.24,20.24,20.24,20.24,50
BHASS,2014-07-03,20.24,20.24,20.24,20.24,40
BHASS,2014-07-07,20.84,20.84,20.84,20.84,2
BHASS,2014-07-09,20.21,20.21,20.21,20.21,10
BHASS,2014-07-10,20.59,20.59,20.59,20.59,2
BHASS,2014-07-11,19.65,19.65,19.65,19.65,150
BHASS,2014-07-14,19.07,19.07,19.07,19.07,1590
BHASS,2014-07-15,19.07,19.07,19.0,19.07,1114
BHASS,2014-07-16,19.07,19.07,19.07,19.07,13
BHASS,2014-07-18,19.64,19.64,19.64,19.64,15
BHASS,2014-07-21,20.22,20.22,20.22,20.22,8
BHASS,2014-07-23,20.49,20.49,20.49,20.49,1
BHASS,2014-07-24,19.88,19.88,19.88,19.88,6
BHASS,2014-07-31,19.88,19.88,19.88,19.88,7
BHASS,2014-08-05,20.3,20.3,20.3,20.3,61
BHASS,2014-08-27,20.0,20.0,20.0,20.0,1
BHASS,2014-08-28,19.4,19.4,19.4,19.4,1510
BHASS,2014-09-01,18.75,19.4,18.53,19.4,2071
BHASS,2014-03-18,21.2,22.4,21.2,22.4,57
BHASS,2014-03-19,21.73,22.36,21.73,22.36,41
BHASS,2014-03-25,21.69,22.0,21.69,22.0,15
BHASS,2014-03-26,21.34,22.66,21.34,22.66,80
BHASS,2014-03-27,23.1,23.1,23.1,23.1,1
BHASS,2014-03-28,22.6,22.6,22.6,22.6,100
BHASS,2014-03-31,23.1,23.1,23.1,23.1,1
BHASS,2014-04-04,22.41,23.1,22.41,23.1,101
BHASS,2014-04-07,23.1,23.1,23.1,23.1,500
BHASS,2014-04-16,22.39,22.39,22.39,22.39,1
BHASS,2014-04-17,21.8,22.39,21.8,22.39,8
BHASS,2014-04-18,22.0,22.0,22.0,22.0,1000
BHASS,2014-04-23,21.5,21.5,21.5,21.5,94
BHASS,2014-04-24,22.0,22.0,22.0,22.0,4
BHASS,2014-04-30,21.6,21.6,21.6,21.6,1
BHASS,2014-05-07,21.2,21.2,21.2,21.2,4620
BHASS,2014-05-09,21.2,21.2,21.2,21.2,5
BHASS,2014-05-13,20.8,20.8,20.6,20.6,80
BHASS,2014-05-14,20.0,20.49,20.0,20.49,1627
BHASS,2014-05-15,20.4,20.4,19.88,20.4,75
BHASS,2014-05-19,21.64,21.64,21.64,21.64,7
BHASS,2014-05-21,21.9,21.9,21.9,21.9,1
BHASS,2014-05-22,21.5,21.5,21.5,21.5,100
BHASS,2014-05-26,20.86,21.99,20.86,21.99,39
BHASS,2014-06-02,21.35,21.35,21.35,21.35,200
BHASS,2014-06-05,21.99,21.99,21.5,21.5,31
BHASS,2014-06-06,20.86,21.98,20.86,21.98,51
BHASS,2013-12-20,23.5,23.5,21.8,22.69,478
BHASS,2013-12-23,22.8,23.1,22.01,22.99,645
BHASS,2013-12-25,23.67,23.67,22.31,23.67,107
BHASS,2013-12-26,23.99,23.99,23.99,23.99,10
BHASS,2013-12-27,23.98,23.98,22.92,22.92,3287
BHASS,2013-12-31,23.6,23.6,23.0,23.0,20009
BHASS,2014-01-03,23.0,23.0,23.0,23.0,600
BHASS,2014-01-06,23.0,23.0,23.0,23.0,9
BHASS,2014-01-16,22.99,22.99,22.99,22.99,31
BHASS,2014-01-17,22.31,22.9,22.31,22.9,78
BHASS,2014-01-23,22.22,22.5,22.22,22.5,169
BHASS,2014-01-24,22.0,22.0,22.0,22.0,11
BHASS,2014-01-27,21.8,21.8,21.7,21.7,47
BHASS,2014-01-28,21.06,21.06,21.05,21.05,250
BHASS,2014-01-29,21.5,21.5,21.5,21.5,30
BHASS,2014-02-04,21.4,21.4,20.86,21.0,170
BHASS,2014-02-05,20.5,21.0,20.5,21.0,229
BHASS,2014-02-06,20.5,21.6,20.5,21.6,258
BHASS,2014-02-07,21.7,21.7,21.0,21.1,125
BHASS,2014-02-10,21.1,21.73,21.1,21.73,5729
BHASS,2014-02-11,22.38,23.0,21.8,23.0,126
BHASS,2014-02-12,22.68,22.68,21.8,22.68,290
BHASS,2014-02-13,23.35,24.05,22.68,23.6,5845
BHASS,2014-02-14,24.0,24.0,23.6,23.99,3797
BHASS,2014-02-17,24.0,24.2,24.0,24.0,7634
BHASS,2014-02-18,24.6,24.6,24.39,24.39,137
BHASS,2014-02-21,24.0,24.0,24.0,24.0,1000
BHASS,2014-02-24,24.19,24.19,24.19,24.19,70
BHASS,2014-02-25,23.47,23.47,23.47,23.47,50
BHASS,2014-02-26,23.99,23.99,23.99,23.99,1
BHASS,2014-02-28,23.7,23.7,23.7,23.7,10
BHASS,2014-03-03,22.67,22.67,22.64,22.64,652
BHASS,2014-03-04,22.64,23.3,22.0,23.3,116
BHASS,2014-03-05,23.69,23.69,22.99,22.99,14
BHASS,2014-03-06,22.31,22.31,21.7,21.7,2315
BHASS,2014-03-07,21.2,21.7,21.05,21.7,169
BHASS,2014-03-10,20.73,22.5,20.73,22.5,629
BHASS,2014-03-11,21.83,21.83,21.83,21.83,253
BHASS,2014-03-12,21.83,21.83,21.83,21.83,1214
BHASS,2014-03-13,21.9,21.9,21.83,21.83,202
BHASS,2013-09-26,24.6,24.6,24.6,24.6,100
BHASS,2013-09-27,23.87,23.87,23.87,23.87,231
BHASS,2013-09-30,23.87,23.87,23.16,23.16,417
BHASS,2013-10-01,23.85,23.85,23.85,23.85,13
BHASS,2013-10-02,23.85,24.56,23.14,24.56,5799
BHASS,2013-10-03,23.9,23.9,23.9,23.9,5
BHASS,2013-10-04,23.4,23.4,23.19,23.19,9999
BHASS,2013-10-07,23.19,23.84,23.19,23.19,69
BHASS,2013-10-08,23.1,23.1,23.1,23.1,200
BHASS,2013-10-09,23.01,23.67,23.0,23.67,51
BHASS,2013-10-14,23.0,23.68,22.96,23.68,523
BHASS,2013-10-17,23.85,23.85,23.85,23.85,30
BHASS,2013-10-18,23.8,23.8,23.8,23.8,40
BHASS,2013-10-21,23.14,23.7,23.14,23.6,210
BHASS,2013-10-24,24.0,24.0,24.0,24.0,1
BHASS,2013-10-25,23.99,24.0,23.99,24.0,95
BHASS,2013-10-30,23.28,24.0,23.28,24.0,106
BHASS,2013-10-31,24.4,24.4,24.4,24.4,1
BHASS,2013-11-06,23.0,24.1,23.0,24.1,13
BHASS,2013-11-07,24.35,24.35,24.3,24.35,560
BHASS,2013-11-08,24.35,24.35,24.35,24.35,200
BHASS,2013-11-12,24.35,24.61,24.35,24.61,1420
BHASS,2013-11-13,24.6,25.34,24.6,25.0,239
BHASS,2013-11-14,25.35,25.35,25.35,25.35,21
BHASS,2013-11-15,24.59,24.7,24.59,24.7,200
BHASS,2013-11-20,24.0,24.5,24.0,24.5,128
BHASS,2013-11-21,24.0,24.0,24.0,24.0,55
BHASS,2013-11-25,23.4,23.4,23.28,23.28,382
BHASS,2013-11-26,23.0,23.97,23.0,23.95,170
BHASS,2013-11-28,23.3,23.3,23.3,23.3,50
BHASS,2013-11-29,23.3,23.3,23.3,23.3,520
BHASS,2013-12-02,22.65,23.94,22.65,23.94,51
BHASS,2013-12-04,23.99,24.0,23.23,23.23,1261
BHASS,2013-12-05,23.94,23.94,23.94,23.94,50
BHASS,2013-12-06,23.94,23.94,23.94,23.94,10
BHASS,2013-12-09,22.9,22.9,22.9,22.9,44
BHASS,2013-12-10,23.9,23.9,22.9,22.9,7
BHASS,2013-12-11,21.9,23.89,21.87,23.89,760
BHASS,2013-12-19,22.82,22.82,22.82,22.82,1
BHASS,2013-12-20,23.5,23.5,21.8,22.69,478
BHASS,2013-07-03,24.87,27.0,24.87,27.0,125
BHASS,2013-07-04,26.2,27.67,26.2,27.67,25
BHASS,2013-07-08,28.14,28.15,28.14,28.15,110
BHASS,2013-07-11,27.99,27.99,27.99,27.99,5
BHASS,2013-07-17,26.35,27.16,26.35,27.16,20
BHASS,2013-07-19,27.16,27.16,27.16,27.16,5
BHASS,2013-07-24,26.35,26.35,26.35,26.35,144
BHASS,2013-07-26,26.35,26.35,25.56,25.56,1717
BHASS,2013-07-29,26.0,26.32,26.0,26.32,590
BHASS,2013-07-31,27.0,27.0,27.0,27.0,10
BHASS,2013-08-05,26.93,26.94,26.93,26.94,50
BHASS,2013-08-16,26.14,26.14,26.14,26.14,10
BHASS,2013-08-21,26.8,26.8,26.8,26.8,3
BHASS,2013-08-26,26.0,26.77,26.0,26.77,28
BHASS,2013-09-02,26.77,26.77,26.77,26.77,100
BHASS,2013-09-03,26.98,26.98,26.9,26.9,180
BHASS,2013-09-04,26.95,26.95,26.94,26.94,300
BHASS,2013-09-05,26.87,26.87,26.87,26.87,75
BHASS,2013-09-10,26.07,26.07,26.07,26.07,1000
BHASS,2013-09-13,25.3,25.3,25.3,25.3,10
BHASS,2013-09-16,24.55,24.55,24.55,24.55,180
BHASS,2013-09-17,23.9,25.28,23.9,25.28,52
BHASS,2013-09-18,25.29,25.29,25.29,25.29,700
BHASS,2013-09-20,24.54,24.54,24.54,24.54,314
BHASS,2013-09-23,24.54,24.54,24.54,24.54,27
BHASS,2013-09-24,24.0,24.0,24.0,24.0,30
BHASS,2013-09-25,23.99,23.99,23.99,23.99,5
BHASS,2013-09-26,24.6,24.6,24.6,24.6,100
BHASS,2013-04-10,31.54,31.54,31.54,31.54,829
BHASS,2013-04-11,30.7,31.54,30.7,31.5,184
BHASS,2013-04-12,30.7,31.5,30.7,31.5,7575
BHASS,2013-04-15,30.57,31.4,30.56,31.4,388
BHASS,2013-04-17,30.49,30.49,30.46,30.46,717
BHASS,2013-04-18,31.0,31.0,30.45,30.5,520
BHASS,2013-04-19,30.49,30.79,30.49,30.49,699
BHASS,2013-04-22,30.4,30.4,30.4,30.4,540
BHASS,2013-04-23,30.39,30.39,30.3,30.39,550
BHASS,2013-04-24,30.49,31.3,30.01,30.01,1140
BHASS,2013-04-25,30.0,30.89,29.11,30.89,716
BHASS,2013-04-26,31.5,31.5,31.5,31.5,1
BHASS,2013-04-29,31.48,31.48,31.0,31.0,12
BHASS,2013-05-02,30.07,30.07,30.07,30.07,250
BHASS,2013-05-03,30.97,30.97,30.97,30.97,23
BHASS,2013-05-07,29.15,29.15,28.28,28.28,11974
BHASS,2013-05-08,29.0,29.0,28.13,28.2,400
BHASS,2013-05-09,28.2,28.89,28.2,28.89,100
BHASS,2013-05-10,29.79,29.79,29.7,29.7,59
BHASS,2013-05-14,28.37,29.86,28.37,29.86,145
BHASS,2013-05-16,28.97,28.97,28.97,28.97,5
BHASS,2013-05-17,29.8,29.8,29.8,29.8,5
BHASS,2013-05-21,28.91,28.91,28.91,28.91,200
BHASS,2013-05-22,28.8,28.8,28.8,28.8,575
BHASS,2013-05-24,28.15,28.2,28.0,28.0,1621
BHASS,2013-05-27,27.17,27.5,27.16,27.5,703
BHASS,2013-05-28,26.7,27.0,26.7,27.0,350
BHASS,2013-05-29,27.01,27.01,27.0,27.0,12
BHASS,2013-05-31,26.21,27.0,26.21,27.0,338
BHASS,2013-06-03,26.21,27.0,26.21,27.0,104
BHASS,2013-06-04,26.2,26.2,26.2,26.2,1411
BHASS,2013-06-05,25.6,26.98,25.6,26.98,822
BHASS,2013-06-06,25.52,25.7,25.52,25.7,3120
BHASS,2013-06-10,26.28,26.28,26.28,26.28,100
BHASS,2013-06-14,26.3,26.4,26.3,26.4,94
BHASS,2013-06-18,26.0,26.0,26.0,26.0,41
BHASS,2013-06-19,26.0,26.29,26.0,26.29,69
BHASS,2013-06-24,25.31,25.31,25.3,25.3,14
BHASS,2013-06-25,25.35,25.35,25.28,25.28,260
BHASS,2013-06-26,25.0,25.0,25.0,25.0,11
BHASS,2013-06-27,25.29,25.3,25.29,25.3,631
BHASS,2013-07-02,26.04,26.04,26.04,26.04,120
BHASS,2013-07-03,24.87,27.0,24.87,27.0,125
BHASS,2013-01-15,26.5,26.8,26.5,26.8,95
BHASS,2013-01-16,26.8,27.0,26.79,27.0,2700
BHASS,2013-01-17,27.2,27.2,27.2,27.2,20
BHASS,2013-01-21,27.5,27.98,27.5,27.98,80
BHASS,2013-01-22,27.89,27.89,27.89,27.89,40
BHASS,2013-01-23,27.06,27.79,27.06,27.79,105
BHASS,2013-01-28,27.99,27.99,27.99,27.99,65
BHASS,2013-01-30,27.97,27.97,27.16,27.5,180
BHASS,2013-01-31,27.5,27.5,27.5,27.5,63
BHASS,2013-02-04,27.49,27.49,27.45,27.45,280
BHASS,2013-02-07,26.63,26.8,26.63,26.63,1060
BHASS,2013-02-08,27.4,27.4,27.4,27.4,50
BHASS,2013-02-13,27.39,27.39,27.39,27.39,5
BHASS,2013-02-14,26.57,27.0,26.57,27.0,115
BHASS,2013-02-15,27.4,27.5,27.39,27.39,75
BHASS,2013-02-18,27.45,27.45,27.45,27.45,1137
BHASS,2013-02-20,26.63,27.14,26.63,27.14,20
BHASS,2013-03-01,26.33,26.9,26.33,26.9,250
BHASS,2013-03-04,26.33,26.9,26.33,26.9,105
BHASS,2013-03-07,26.88,26.88,26.88,26.88,125
BHASS,2013-03-08,26.7,28.49,26.7,28.49,43757
BHASS,2013-03-11,28.5,29.29,28.5,28.5,18540
BHASS,2013-03-12,28.0,28.5,27.7,27.7,2159
BHASS,2013-03-13,27.9,28.0,27.5,28.0,2310
BHASS,2013-03-14,28.0,28.8,27.16,28.78,29232
BHASS,2013-03-15,28.5,30.5,28.5,30.5,44403
BHASS,2013-03-18,31.41,32.35,30.48,32.0,11349
BHASS,2013-03-19,32.0,32.0,31.04,31.79,9528
BHASS,2013-03-21,31.9,32.5,31.0,32.08,6558
BHASS,2013-03-22,31.12,32.4,31.12,32.4,12448
BHASS,2013-03-25,31.44,32.37,31.44,32.37,80
BHASS,2013-03-26,32.0,33.0,31.4,32.98,4960
BHASS,2013-03-27,32.98,33.96,32.98,33.8,9581
BHASS,2013-03-28,33.0,33.7,32.79,32.79,1435
BHASS,2013-03-29,32.0,33.39,31.81,33.0,2235
BHASS,2013-04-01,33.5,33.5,33.5,33.5,30
BHASS,2013-04-02,32.0,32.99,32.0,32.99,2206
BHASS,2013-04-03,32.8,32.8,32.01,32.01,7773
BHASS,2013-04-04,32.9,32.9,31.92,31.93,2359
BHASS,2013-04-05,32.0,32.96,31.5,32.6,47080
BHASS,2013-04-08,32.96,32.96,32.51,32.51,2453
BHASS,2012-10-22,29.1,29.95,29.1,29.95,1827
BHASS,2012-10-23,29.99,29.99,29.99,29.99,20
BHASS,2012-10-24,29.1,29.8,29.1,29.8,1258
BHASS,2012-10-25,29.0,29.0,29.0,29.0,2567
BHASS,2012-10-29,28.21,28.21,28.21,28.21,200
BHASS,2012-10-30,28.21,28.23,28.21,28.21,268
BHASS,2012-10-31,28.2,28.99,28.2,28.99,6
BHASS,2012-11-01,28.13,28.13,28.13,28.13,144
BHASS,2012-11-02,28.97,28.97,28.2,28.2,110
BHASS,2012-11-05,28.14,28.15,28.14,28.15,15
BHASS,2012-11-06,28.15,28.15,28.0,28.0,1419
BHASS,2012-11-07,28.05,28.8,28.05,28.8,16
BHASS,2012-11-08,28.5,28.5,28.2,28.2,5362
BHASS,2012-11-09,28.2,28.2,28.2,28.2,554
BHASS,2012-11-14,28.0,28.5,28.0,28.5,60
BHASS,2012-11-19,28.5,28.5,27.65,28.2,16
BHASS,2012-11-20,27.65,28.5,27.65,28.5,485
BHASS,2012-11-21,27.7,28.29,27.7,28.29,27
BHASS,2012-11-22,27.45,28.0,27.45,28.0,1315
BHASS,2012-11-23,27.16,28.0,27.16,28.0,11
BHASS,2012-11-27,27.16,28.0,27.16,28.0,551
BHASS,2012-11-29,27.16,27.16,27.16,27.16,3100
BHASS,2012-11-30,27.0,27.0,27.0,27.0,75
BHASS,2012-12-03,27.8,27.8,27.8,27.8,1
BHASS,2012-12-04,27.0,27.0,27.0,27.0,10
BHASS,2012-12-07,27.7,27.7,26.19,26.19,20
BHASS,2012-12-10,25.5,25.5,25.5,25.5,10
BHASS,2012-12-11,24.81,26.26,24.81,26.26,23490
BHASS,2012-12-12,26.26,26.26,26.26,26.26,68
BHASS,2012-12-13,26.0,26.0,26.0,26.0,18
BHASS,2012-12-14,25.52,26.0,25.0,26.0,18158
BHASS,2012-12-17,25.22,25.22,25.22,25.22,230
BHASS,2012-12-18,24.5,25.97,24.5,25.97,207
BHASS,2012-12-20,24.8,25.9,24.8,25.9,420
BHASS,2012-12-21,26.67,26.67,26.67,26.67,10
BHASS,2012-12-25,26.48,26.48,26.48,26.48,70
BHASS,2012-12-27,25.7,26.38,25.7,26.38,65
BHASS,2012-12-31,25.6,26.38,25.59,25.59,4470
BHASS,2013-01-02,26.35,26.35,25.5,25.5,627
BHASS,2013-01-03,24.81,25.5,24.81,25.5,554
BHASS,2013-01-04,24.81,25.45,24.8,25.45,444
BHASS,2013-01-07,24.8,25.45,24.7,25.45,184
BHASS,2013-01-09,24.69,25.4,24.69,25.4,2180
BHASS,2013-01-10,25.45,26.21,25.45,26.21,5283
BHASS,2013-01-11,26.5,26.5,26.5,26.5,240
BHASS,2012-07-30,29.0,29.0,29.0,29.0,418
BHASS,2012-08-02,28.95,29.87,28.95,29.0,2614
BHASS,2012-08-03,29.86,29.86,29.86,29.86,100
BHASS,2012-08-06,28.52,29.8,28.52,29.8,35
BHASS,2012-08-07,29.0,29.79,29.0,29.79,842
BHASS,2012-08-15,29.01,29.02,29.0,29.0,209
BHASS,2012-08-16,28.92,29.6,28.92,29.6,564
BHASS,2012-08-17,28.92,29.6,28.92,29.6,106
BHASS,2012-08-21,28.72,29.58,28.72,29.58,50
BHASS,2012-08-22,28.72,29.58,28.72,29.58,20
BHASS,2012-08-24,29.57,29.57,29.57,29.57,10
BHASS,2012-08-30,28.72,29.56,28.72,29.56,14
BHASS,2012-08-31,29.4,29.87,28.71,29.86,6455
BHASS,2012-09-03,29.86,29.86,29.86,29.86,30
BHASS,2012-09-06,29.85,30.0,29.85,30.0,1500
BHASS,2012-09-13,29.1,30.9,29.1,30.85,800
BHASS,2012-09-14,30.5,30.8,30.5,30.8,90
BHASS,2012-09-17,29.88,30.59,29.88,30.59,1275
BHASS,2012-09-18,30.6,30.6,30.6,30.6,330
BHASS,2012-09-20,29.99,29.99,29.9,29.9,799
BHASS,2012-09-21,30.0,30.45,29.02,29.02,2518
BHASS,2012-09-24,29.3,29.3,28.16,28.16,157
BHASS,2012-09-25,29.3,29.3,28.16,28.2,15466
BHASS,2012-09-27,28.9,28.9,28.9,28.9,5
BHASS,2012-10-03,28.5,28.9,28.5,28.9,15
BHASS,2012-10-05,28.6,28.6,28.6,28.6,50
BHASS,2012-10-10,28.8,28.8,28.5,28.7,61
BHASS,2012-10-11,28.7,29.56,28.05,28.8,4881
BHASS,2012-10-12,28.0,29.6,28.0,29.59,18504
BHASS,2012-10-16,29.99,30.6,29.8,30.5,20534
BHASS,2012-10-17,30.69,30.69,30.48,30.49,8787
BHASS,2012-10-18,30.65,30.65,30.0,30.0,308
BHASS,2012-10-19,29.51,30.0,29.5,30.0,1381
BHASS,2012-05-04,28.99,29.7,28.99,29.7,8971
BHASS,2012-05-07,29.85,30.59,29.85,30.59,7461
BHASS,2012-05-08,31.3,32.45,31.3,32.3,35249
BHASS,2012-05-09,31.34,32.29,30.85,31.99,2383
BHASS,2012-05-10,30.56,30.56,30.56,30.56,20
BHASS,2012-05-11,30.0,31.45,29.65,29.72,4620
BHASS,2012-05-14,28.83,30.0,28.83,30.0,12045
BHASS,2012-05-15,30.0,30.0,29.1,29.3,7954
BHASS,2012-05-16,28.46,29.9,28.46,29.9,151
BHASS,2012-05-17,29.01,29.01,29.01,29.01,12
BHASS,2012-05-18,28.31,29.15,28.31,29.15,180
BHASS,2012-05-21,28.7,29.15,28.7,29.15,70661
BHASS,2012-05-22,28.6,29.45,28.6,29.45,323
BHASS,2012-05-23,28.7,29.5,28.7,29.5,130
BHASS,2012-05-24,29.5,29.5,29.5,29.5,100
BHASS,2012-05-25,29.0,30.0,29.0,30.0,250
BHASS,2012-05-28,29.99,30.0,29.99,30.0,40
BHASS,2012-05-29,29.1,29.1,29.1,29.1,50
BHASS,2012-05-30,29.95,29.95,29.1,29.1,35
BHASS,2012-05-31,29.95,29.95,28.62,28.62,4100
BHASS,2012-06-01,29.0,29.47,29.0,29.47,300
BHASS,2012-06-04,29.94,29.94,29.94,29.94,8
BHASS,2012-06-06,28.6,29.94,28.6,29.94,5150
BHASS,2012-06-08,29.05,29.8,29.05,29.8,107
BHASS,2012-06-18,29.5,29.5,29.5,29.5,26
BHASS,2012-06-19,29.5,29.5,29.5,29.5,30
BHASS,2012-06-20,28.62,29.49,28.62,29.49,1010
BHASS,2012-06-21,28.61,29.5,28.61,29.5,1042
BHASS,2012-06-22,28.62,29.4,28.62,29.4,230
BHASS,2012-06-25,28.62,28.62,28.62,28.62,100
BHASS,2012-06-26,28.62,28.62,28.62,28.62,25
BHASS,2012-06-27,28.6,29.47,28.6,28.6,2613
BHASS,2012-06-28,29.44,29.45,28.7,29.45,6403
BHASS,2012-06-29,29.48,29.8,29.48,29.8,2000
BHASS,2012-07-04,29.78,30.0,29.0,30.0,3249
BHASS,2012-07-05,29.5,29.5,29.5,29.5,5
BHASS,2012-07-06,29.95,30.0,29.2,29.9,493
BHASS,2012-07-10,29.9,30.0,29.5,30.0,1520
BHASS,2012-07-11,29.9,29.9,29.9,29.9,50
BHASS,2012-07-12,29.9,30.0,29.8,30.0,1600
BHASS,2012-07-13,30.1,30.1,30.0,30.0,300
BHASS,2012-07-17,29.2,30.0,29.2,30.0,1059
BHASS,2012-07-18,30.0,30.0,30.0,30.0,30
BHASS,2012-07-19,29.1,29.99,29.1,29.99,78
BHASS,2012-07-20,30.0,30.59,30.0,30.59,900
BHASS,2012-07-26,30.0,30.0,30.0,30.0,50
BHASS,2012-07-27,29.5,29.5,29.2,29.2,343
BHASS,2012-02-16,29.39,29.4,29.39,29.4,278
BHASS,2012-02-21,28.52,28.52,28.52,28.52,600
BHASS,2012-02-22,28.55,28.55,28.0,28.5,2603
BHASS,2012-02-23,28.9,28.9,28.9,28.9,60
BHASS,2012-02-24,29.0,29.87,29.0,29.4,5769
BHASS,2012-02-27,29.4,29.4,29.4,29.4,2473
BHASS,2012-02-28,29.87,30.0,29.87,30.0,8459
BHASS,2012-02-29,30.12,30.12,29.52,29.98,6630
BHASS,2012-03-01,29.98,29.98,29.5,29.5,16
BHASS,2012-03-02,29.89,29.9,29.0,29.49,461
BHASS,2012-03-05,28.61,29.69,28.61,29.69,55
BHASS,2012-03-06,29.9,29.9,29.9,29.9,5
BHASS,2012-03-08,29.5,29.5,29.5,29.5,150
BHASS,2012-03-09,29.0,29.49,29.0,29.49,58
BHASS,2012-03-15,28.61,28.61,28.61,28.61,550
BHASS,2012-03-16,28.61,29.0,28.61,29.0,581
BHASS,2012-03-19,29.0,29.4,29.0,29.4,7
BHASS,2012-03-23,28.53,29.5,28.53,29.5,1789
BHASS,2012-03-26,28.63,28.63,28.62,28.62,330
BHASS,2012-03-27,28.22,29.4,28.22,29.4,194
BHASS,2012-03-28,28.42,29.5,28.42,29.5,65
BHASS,2012-03-30,29.5,29.5,29.5,29.5,5
BHASS,2012-04-10,28.62,28.71,28.62,28.71,242
BHASS,2012-04-12,27.9,28.9,27.9,28.9,441
BHASS,2012-04-13,28.7,29.0,28.7,29.0,494
BHASS,2012-04-16,28.5,29.0,28.5,29.0,583
BHASS,2012-04-17,28.5,28.5,28.5,28.5,22
BHASS,2012-04-18,28.48,28.6,28.3,28.6,129
BHASS,2012-04-19,28.5,29.0,28.5,29.0,319
BHASS,2012-04-20,28.85,28.85,27.99,28.82,157
BHASS,2012-04-23,27.97,28.19,27.96,28.19,149
BHASS,2012-04-24,28.9,29.03,28.5,28.5,8512
BHASS,2012-04-25,28.5,28.5,28.5,28.5,500
BHASS,2012-04-26,28.9,29.0,28.5,28.51,1206
BHASS,2012-04-27,28.0,29.05,28.0,29.0,4110
BHASS,2012-05-03,28.99,29.0,28.99,29.0,625
BHASS,2012-05-04,28.99,29.7,28.99,29.7,8971
BHASS,2011-11-16,29.5,30.4,29.5,30.4,257
BHASS,2011-11-17,29.6,30.0,29.6,30.0,25
BHASS,2011-11-18,29.5,29.5,29.5,29.5,80
BHASS,2011-11-21,30.0,30.0,30.0,30.0,50
BHASS,2011-11-22,29.3,29.9,29.3,29.9,160
BHASS,2011-11-23,29.3,29.9,29.3,29.9,235
BHASS,2011-11-24,29.2,29.7,29.2,29.7,151
BHASS,2011-11-25,29.7,29.89,29.7,29.89,2105
BHASS,2011-11-28,29.27,29.8,29.27,29.8,25
BHASS,2011-11-29,29.3,29.8,29.3,29.8,1005
BHASS,2011-11-30,29.22,29.8,29.15,29.8,929
BHASS,2011-12-01,29.0,29.87,29.0,29.87,79
BHASS,2011-12-02,29.0,29.85,28.98,29.85,1542
BHASS,2011-12-05,28.97,29.49,28.97,29.49,11
BHASS,2011-12-06,28.61,29.48,28.61,29.48,584
BHASS,2011-12-07,28.62,29.3,28.62,29.3,822
BHASS,2011-12-08,28.62,29.0,28.62,29.0,80
BHASS,2011-12-09,29.3,29.9,29.0,29.9,6167
BHASS,2011-12-12,29.79,30.0,29.79,30.0,5372
BHASS,2011-12-13,30.0,30.0,30.0,30.0,191
BHASS,2011-12-14,30.0,30.37,30.0,30.37,320
BHASS,2011-12-15,30.0,30.2,30.0,30.2,4700
BHASS,2011-12-16,30.0,30.0,30.0,30.0,2100
BHASS,2011-12-19,30.0,30.0,30.0,30.0,1200
BHASS,2011-12-21,30.19,30.19,30.19,30.19,68
BHASS,2011-12-22,30.2,30.2,30.2,30.2,1000
BHASS,2011-12-27,29.98,29.98,29.98,29.98,113
BHASS,2011-12-29,29.8,29.8,29.2,29.5,318
BHASS,2011-12-30,29.8,30.0,29.8,30.0,55
BHASS,2012-01-02,29.9,30.19,29.9,30.19,31
BHASS,2012-01-03,29.5,30.0,29.5,30.0,81
BHASS,2012-01-04,29.5,30.0,29.1,30.0,30
BHASS,2012-01-05,29.3,30.0,29.3,30.0,105
BHASS,2012-01-06,29.9,30.0,29.8,30.0,114
BHASS,2012-01-10,29.8,29.99,29.8,29.99,105
BHASS,2012-01-11,29.6,29.6,29.6,29.6,46
BHASS,2012-01-12,30.0,30.0,29.6,30.0,93
BHASS,2012-01-13,29.5,30.0,29.5,30.0,292
BHASS,2012-01-16,29.41,29.41,29.12,29.12,2269
BHASS,2012-01-17,29.12,29.12,29.0,29.0,29
BHASS,2012-01-20,28.89,29.87,28.13,29.3,600
BHASS,2012-01-23,28.43,29.7,28.43,29.7,13
BHASS,2012-01-24,28.81,29.7,28.81,29.7,155
BHASS,2012-01-25,28.81,29.6,28.81,29.6,731
BHASS,2012-01-26,29.5,29.5,29.49,29.5,150
BHASS,2012-01-31,28.62,29.39,28.62,29.39,73
BHASS,2012-02-01,29.45,29.45,29.45,29.45,50
BHASS,2012-02-02,29.0,29.45,29.0,29.45,273
BHASS,2012-02-03,29.5,29.5,29.5,29.5,5
BHASS,2012-02-06,28.63,29.49,28.62,29.49,150
BHASS,2012-02-08,28.61,29.48,28.61,29.48,110
BHASS,2011-08-23,30.02,30.02,30.01,30.01,99
BHASS,2011-08-25,30.01,30.01,30.01,30.01,90
BHASS,2011-08-26,30.02,30.7,30.01,30.7,5726
BHASS,2011-08-29,30.7,31.0,30.7,31.0,100
BHASS,2011-09-02,31.0,31.02,31.0,31.02,2370
BHASS,2011-09-05,31.0,31.0,31.0,31.0,20
BHASS,2011-09-06,31.0,31.0,31.0,31.0,2555
BHASS,2011-09-07,30.6,30.6,30.07,30.4,22851
BHASS,2011-09-08,30.1,30.1,30.1,30.1,49
BHASS,2011-09-09,29.3,30.1,29.3,30.1,1544
BHASS,2011-09-12,29.3,30.08,29.3,30.08,634
BHASS,2011-09-13,29.3,29.99,29.2,29.2,350
BHASS,2011-09-14,29.3,30.07,29.3,30.07,387
BHASS,2011-09-15,29.17,29.17,29.17,29.17,130
BHASS,2011-09-16,29.99,29.99,29.17,29.69,994
BHASS,2011-09-19,28.81,29.5,28.8,29.5,3554
BHASS,2011-09-20,29.5,29.94,29.49,29.94,1836
BHASS,2011-09-21,29.5,30.0,29.5,30.0,2991
BHASS,2011-09-22,30.0,30.0,30.0,30.0,1000
BHASS,2011-09-23,29.1,29.97,29.1,29.97,3296
BHASS,2011-09-26,29.08,30.0,29.08,30.0,464
BHASS,2011-09-27,29.5,30.0,29.5,30.0,1075
BHASS,2011-09-28,30.0,30.07,30.0,30.07,24529
BHASS,2011-09-29,30.06,30.3,30.06,30.3,5551
BHASS,2011-09-30,31.2,31.2,30.3,30.5,60
BHASS,2011-10-03,31.0,31.0,30.0,30.5,1643
BHASS,2011-10-04,30.5,30.5,30.5,30.5,1200
BHASS,2011-10-05,30.01,30.5,30.01,30.5,244
BHASS,2011-10-06,30.0,30.0,29.59,29.59,1120
BHASS,2011-10-07,29.9,30.0,29.02,30.0,526
BHASS,2011-10-10,29.5,30.0,29.5,30.0,14606
BHASS,2011-10-11,30.2,30.5,30.0,30.5,8540
BHASS,2011-10-12,30.5,31.0,30.15,30.21,2746
BHASS,2011-10-13,29.7,30.5,29.7,30.5,391
BHASS,2011-10-14,30.2,30.8,30.2,30.8,2366
BHASS,2011-10-17,30.5,30.78,30.0,30.78,580
BHASS,2011-10-18,30.01,30.74,30.0,30.74,2789
BHASS,2011-10-21,29.9,30.74,29.9,30.7,1561
BHASS,2011-10-24,29.78,30.0,29.78,30.0,40
BHASS,2011-10-25,29.1,30.0,29.1,30.0,61
BHASS,2011-10-26,30.0,30.5,30.0,30.5,210
BHASS,2011-10-28,30.3,30.5,30.0,30.2,809
BHASS,2011-10-31,30.0,30.0,30.0,30.0,100
BHASS,2011-11-01,30.0,30.75,30.0,30.5,2041
BHASS,2011-11-02,29.95,30.5,29.95,30.5,412
BHASS,2011-11-08,29.6,30.0,29.6,30.0,96
BHASS,2011-11-09,30.42,30.42,29.7,29.7,201
BHASS,2011-11-10,29.62,29.9,29.62,29.9,159
BHASS,2011-11-11,29.63,30.4,29.63,30.4,1226
BHASS,2011-11-16,29.5,30.4,29.5,30.4,257
BHASS,2011-05-30,34.44,34.44,33.41,33.41,8276
BHASS,2011-05-31,33.0,33.0,32.01,32.01,6685
BHASS,2011-06-01,32.0,33.38,30.6,31.5,6266
BHASS,2011-06-02,31.24,32.0,30.6,31.79,1209
BHASS,2011-06-03,31.99,31.99,31.35,31.95,592
BHASS,2011-06-06,31.96,31.96,31.01,31.5,3261
BHASS,2011-06-07,30.2,31.5,30.2,31.5,1653
BHASS,2011-06-08,30.75,32.0,30.75,31.7,1340
BHASS,2011-06-09,31.7,31.89,30.81,31.4,1521
BHASS,2011-06-10,30.81,31.39,30.5,30.99,4835
BHASS,2011-06-13,30.12,31.0,30.07,31.0,5424
BHASS,2011-06-14,31.2,31.2,31.2,31.2,1
BHASS,2011-06-15,31.19,31.19,30.26,30.99,4447
BHASS,2011-06-16,31.0,31.0,30.21,30.98,1380
BHASS,2011-06-17,30.3,31.0,30.3,31.0,850
BHASS,2011-06-20,31.0,31.2,30.5,31.2,2221
BHASS,2011-06-21,30.6,31.49,30.6,31.46,1412
BHASS,2011-06-22,31.0,31.49,31.0,31.49,254
BHASS,2011-06-23,30.6,31.35,30.52,31.0,7627
BHASS,2011-06-24,30.16,30.8,30.16,30.2,11221
BHASS,2011-06-27,30.2,31.0,30.2,30.31,11628
BHASS,2011-06-28,31.0,31.0,30.21,30.3,8385
BHASS,2011-06-29,30.3,30.8,30.01,30.03,5656
BHASS,2011-06-30,30.7,30.7,29.78,30.69,22673
BHASS,2011-07-01,30.02,30.7,30.02,30.3,10419
BHASS,2011-07-04,30.2,30.7,30.2,30.7,7158
BHASS,2011-07-05,30.21,30.7,30.21,30.7,510
BHASS,2011-07-06,30.5,30.9,30.5,30.9,1494
BHASS,2011-07-07,30.7,30.7,30.7,30.7,827
BHASS,2011-07-08,30.2,31.0,30.2,30.7,1980
BHASS,2011-07-11,30.7,30.7,30.7,30.7,150
BHASS,2011-07-12,30.1,30.7,30.01,30.01,196
BHASS,2011-07-13,30.05,30.05,30.0,30.0,1753
BHASS,2011-07-14,30.4,30.4,30.0,30.0,16419
BHASS,2011-07-15,30.0,30.9,30.0,30.9,1619
BHASS,2011-07-18,30.4,30.4,30.4,30.4,426
BHASS,2011-07-19,30.58,30.6,30.58,30.6,1455
BHASS,2011-07-20,30.1,30.5,30.1,30.5,679
BHASS,2011-07-21,30.4,30.5,30.4,30.5,200
BHASS,2011-07-22,30.7,30.7,30.0,30.7,2301
BHASS,2011-07-26,30.69,30.7,30.69,30.7,1000
BHASS,2011-07-27,30.02,30.58,30.02,30.03,324
BHASS,2011-07-28,30.04,30.04,30.03,30.03,166
BHASS,2011-07-29,30.2,30.5,30.2,30.5,300
BHASS,2011-08-03,30.1,30.6,30.0,30.6,1520
BHASS,2011-08-04,30.3,30.3,30.0,30.0,92
BHASS,2011-08-05,29.5,30.38,29.5,30.38,1255
BHASS,2011-08-08,30.01,30.01,30.01,30.01,570
BHASS,2011-08-09,30.0,30.01,30.0,30.0,4210
BHASS,2011-08-10,30.0,30.5,30.0,30.5,7990
BHASS,2011-08-11,30.0,30.5,30.0,30.5,231
BHASS,2011-08-12,30.49,30.7,30.49,30.7,500
BHASS,2011-08-16,30.0,30.02,30.0,30.0,137
BHASS,2011-08-17,30.01,30.01,30.01,30.01,5
BHASS,2011-08-18,30.0,30.11,30.0,30.11,3412
BHASS,2011-08-19,30.01,30.01,30.01,30.01,100
BHASS,2011-08-22,30.05,30.05,30.02,30.02,1022
BHASS,2011-08-23,30.02,30.02,30.01,30.01,99
BHASS,2011-03-07,27.5,28.0,27.0,27.9,10302
BHASS,2011-03-08,27.92,28.2,27.9,27.9,1125
BHASS,2011-03-09,28.0,28.0,27.2,27.67,2122
BHASS,2011-03-10,27.23,28.0,27.0,28.0,8004
BHASS,2011-03-11,28.0,28.3,27.3,28.2,6263
BHASS,2011-03-14,27.8,27.8,27.36,27.8,1090
BHASS,2011-03-15,27.5,28.19,27.5,28.1,2680
BHASS,2011-03-16,27.26,27.5,27.26,27.5,105
BHASS,2011-03-17,28.0,28.0,27.8,27.8,40
BHASS,2011-03-22,27.8,27.8,27.21,27.5,1129
BHASS,2011-03-23,27.8,27.8,27.2,27.7,11601
BHASS,2011-03-24,27.25,27.7,27.1,27.7,942
BHASS,2011-03-25,27.0,27.5,27.0,27.5,320
BHASS,2011-03-28,26.7,27.45,26.7,27.44,840
BHASS,2011-03-29,27.44,27.44,26.63,27.2,868
BHASS,2011-03-30,27.89,27.89,27.06,27.29,1260
BHASS,2011-03-31,26.35,27.3,26.25,27.23,3865
BHASS,2011-04-01,27.39,27.39,26.5,26.99,42
BHASS,2011-04-05,26.98,26.98,26.2,26.2,260
BHASS,2011-04-06,26.2,26.22,26.09,26.09,1208
BHASS,2011-04-07,26.2,26.2,26.2,26.2,200
BHASS,2011-04-08,26.98,27.18,26.35,26.4,2882
BHASS,2011-04-11,26.01,26.4,26.01,26.4,220
BHASS,2011-04-12,27.1,27.1,26.29,26.5,760
BHASS,2011-04-13,26.98,26.98,26.98,26.98,5
BHASS,2011-04-14,25.78,26.78,25.77,26.6,4769
BHASS,2011-04-15,26.28,26.28,26.2,26.2,430
BHASS,2011-04-19,25.46,26.7,25.46,26.4,2943
BHASS,2011-04-20,25.7,26.6,25.7,26.0,1088
BHASS,2011-04-21,25.53,25.53,25.5,25.5,750
BHASS,2011-04-22,25.1,25.4,24.74,25.4,8384
BHASS,2011-04-25,25.9,26.0,25.0,25.4,12488
BHASS,2011-04-26,25.45,26.2,25.35,26.1,21403
BHASS,2011-04-27,26.4,26.4,26.0,26.0,5329
BHASS,2011-04-28,25.5,26.01,25.5,26.0,2088
BHASS,2011-04-29,26.0,26.2,26.0,26.2,4500
BHASS,2011-05-02,26.2,26.98,26.2,26.96,23732
BHASS,2011-05-03,26.17,27.0,26.17,26.85,1033
BHASS,2011-05-04,26.9,27.0,26.85,27.0,12645
BHASS,2011-05-06,26.98,27.1,26.98,27.1,6000
BHASS,2011-05-09,27.9,27.9,27.07,27.5,2100
BHASS,2011-05-10,27.45,27.6,27.45,27.6,6646
BHASS,2011-05-11,26.8,27.59,26.8,27.59,3947
BHASS,2011-05-12,27.58,28.0,27.5,28.0,8682
BHASS,2011-05-13,27.99,28.5,27.99,28.5,10101
BHASS,2011-05-16,28.89,28.89,28.89,28.89,50
BHASS,2011-05-17,28.03,28.9,28.03,28.9,9672
BHASS,2011-05-18,28.21,29.0,28.21,29.0,2694
BHASS,2011-05-19,28.36,29.0,28.3,29.0,15704
BHASS,2011-05-20,29.2,29.87,29.2,29.87,10642
BHASS,2011-05-23,30.0,30.5,30.0,30.4,2876
BHASS,2011-05-24,30.4,30.8,30.0,30.4,6490
BHASS,2011-05-25,30.4,30.69,30.4,30.65,4403
BHASS,2011-05-26,30.75,31.56,30.5,31.56,15664
BHASS,2011-05-27,32.0,33.44,32.0,33.44,29694
BHASS,2011-05-30,34.44,34.44,33.41,33.41,8276
BHASS,2010-12-13,22.5,22.51,22.5,22.5,47351
BHASS,2010-12-14,22.5,22.5,22.48,22.5,40959
BHASS,2010-12-15,22.29,23.29,22.29,23.0,8334
BHASS,2010-12-16,23.69,24.37,23.02,23.5,29438
BHASS,2010-12-17,23.5,23.5,22.9,22.9,3930
BHASS,2010-12-20,23.2,23.2,22.68,22.8,2924
BHASS,2010-12-21,23.1,23.1,22.8,23.0,3845
BHASS,2010-12-22,23.0,23.0,22.6,22.99,12077
BHASS,2010-12-23,22.98,23.09,22.6,23.0,47409
BHASS,2010-12-24,23.0,23.65,23.0,23.19,15522
BHASS,2010-12-27,23.5,23.68,23.2,23.51,27058
BHASS,2010-12-28,23.8,23.8,23.3,23.3,22908
BHASS,2010-12-29,23.3,23.3,23.2,23.3,7846
BHASS,2010-12-30,23.19,23.7,23.19,23.7,42991
BHASS,2010-12-31,23.7,24.76,23.7,24.76,238994
BHASS,2011-01-03,25.0,26.26,25.0,26.26,12937
BHASS,2011-01-04,27.44,27.85,27.0,27.0,56218
BHASS,2011-01-05,27.19,27.7,27.0,27.7,11724
BHASS,2011-01-06,27.1,27.64,27.1,27.64,11708
BHASS,2011-01-07,27.79,29.32,27.7,29.3,27943
BHASS,2011-01-10,28.57,28.57,27.52,27.52,31046
BHASS,2011-01-12,25.11,25.11,25.11,25.11,5270
BHASS,2011-01-13,23.98,23.98,23.98,23.98,1540
BHASS,2011-01-14,23.27,23.96,22.58,22.58,39732
BHASS,2011-01-31,22.58,22.58,22.58,22.58,230
BHASS,2011-02-02,21.1,22.8,21.1,22.79,2224
BHASS,2011-02-03,23.4,23.4,22.7,22.7,2549
BHASS,2011-02-04,22.1,22.76,21.44,22.7,31180
BHASS,2011-02-07,23.37,23.72,23.19,23.72,4718
BHASS,2011-02-08,24.42,25.15,22.96,23.5,7605
BHASS,2011-02-09,23.69,24.0,23.0,23.71,17031
BHASS,2011-02-10,23.5,24.42,23.5,24.29,4267
BHASS,2011-02-11,24.16,24.88,23.5,24.88,11791
BHASS,2011-02-14,24.88,25.6,24.15,25.6,15314
BHASS,2011-02-16,25.6,26.0,25.0,25.95,4124
BHASS,2011-02-17,25.18,25.8,25.18,25.8,7633
BHASS,2011-02-18,26.0,26.78,25.5,26.78,7743
BHASS,2011-02-21,27.01,27.35,26.2,27.0,4146
BHASS,2011-02-22,27.0,27.0,26.3,26.9,9124
BHASS,2011-02-23,26.9,27.0,26.1,26.98,10707
BHASS,2011-02-24,26.2,26.8,26.2,26.8,6883
BHASS,2011-02-25,26.93,26.93,26.13,26.79,8176
BHASS,2010-09-17,23.61,23.61,22.91,22.93,49308
BHASS,2010-09-20,23.48,23.96,23.48,23.52,28359
BHASS,2010-09-21,23.9,23.9,23.19,23.19,5837
BHASS,2010-09-22,23.65,23.65,23.19,23.2,3313
BHASS,2010-09-23,23.59,23.59,22.9,23.58,4
BHASS,2010-09-24,23.5,23.5,22.96,23.5,15534
BHASS,2010-09-27,23.13,23.58,23.13,23.17,2553
BHASS,2010-09-28,23.49,23.49,23.19,23.2,7240
BHASS,2010-09-29,23.2,23.6,23.17,23.51,19253
BHASS,2010-09-30,23.85,23.9,23.55,23.7,3596
BHASS,2010-10-01,24.4,24.4,23.82,23.82,4310
BHASS,2010-10-04,23.9,23.9,23.31,23.31,4066
BHASS,2010-10-05,23.7,23.88,23.3,23.3,5307
BHASS,2010-10-06,23.3,23.3,21.92,22.6,3780
BHASS,2010-10-07,21.93,23.0,21.5,23.0,11672
BHASS,2010-10-08,23.0,23.5,22.5,23.0,4120
BHASS,2010-10-11,23.0,23.0,22.31,22.31,5243
BHASS,2010-10-12,22.05,22.05,21.65,22.0,5541
BHASS,2010-10-13,21.43,22.39,21.41,22.39,1984
BHASS,2010-10-14,22.99,22.99,22.31,22.5,1321
BHASS,2010-10-15,23.49,23.49,22.5,22.5,4834
BHASS,2010-10-18,22.01,22.48,22.0,22.01,970
BHASS,2010-10-19,21.86,22.29,21.86,22.29,606
BHASS,2010-10-20,22.01,22.5,22.01,22.5,231
BHASS,2010-10-21,22.49,22.5,22.0,22.5,4170
BHASS,2010-10-22,22.61,22.61,22.3,22.5,685
BHASS,2010-10-25,22.4,22.4,22.21,22.21,189
BHASS,2010-10-26,22.2,22.21,21.6,22.21,3310
BHASS,2010-10-27,22.0,22.49,21.7,22.39,576
BHASS,2010-10-28,22.1,22.1,21.81,21.81,3126
BHASS,2010-10-29,21.79,21.79,20.81,21.59,8388
BHASS,2010-11-01,21.65,21.65,21.01,21.01,3464
BHASS,2010-11-02,20.9,21.95,20.9,21.9,2814
BHASS,2010-11-03,21.9,21.9,21.3,21.6,618
BHASS,2010-11-04,21.34,21.5,21.0,21.49,1062
BHASS,2010-11-05,20.85,21.4,20.85,21.3,456
BHASS,2010-11-08,21.0,21.0,20.85,20.95,919
BHASS,2010-11-09,20.86,21.0,20.85,20.9,2571
BHASS,2010-11-10,20.9,21.38,20.9,21.38,2858
BHASS,2010-11-11,21.0,22.0,21.0,22.0,1272
BHASS,2010-11-12,21.99,22.66,21.99,22.66,8520
BHASS,2010-11-15,22.1,22.6,22.1,22.6,654
BHASS,2010-11-18,22.6,22.61,22.58,22.61,45
BHASS,2010-11-19,22.0,22.0,22.0,22.0,188
BHASS,2010-11-22,22.4,22.4,22.4,22.4,15
BHASS,2010-11-23,22.4,22.5,22.01,22.01,190
BHASS,2010-11-24,22.01,22.01,21.91,21.91,925
BHASS,2010-11-25,21.9,22.19,21.9,22.19,37
BHASS,2010-11-26,21.9,22.1,21.61,22.1,860
BHASS,2010-11-29,22.15,22.66,22.0,22.66,1200
BHASS,2010-11-30,22.5,22.5,22.1,22.1,6804
BHASS,2010-12-01,21.9,22.5,21.8,22.5,547
BHASS,2010-12-02,22.1,22.44,22.0,22.44,98
BHASS,2010-12-03,22.0,22.44,22.0,22.3,4883
BHASS,2010-12-08,22.5,22.6,22.4,22.5,29604
BHASS,2010-12-09,22.5,22.5,22.17,22.5,31691
BHASS,2010-12-10,22.5,22.65,22.5,22.5,2692
BHASS,2010-06-24,19.02,19.1,19.02,19.1,1055
BHASS,2010-06-25,19.03,19.1,19.03,19.1,2135
BHASS,2010-06-28,19.11,19.12,19.04,19.12,1266
BHASS,2010-06-29,19.03,19.29,19.03,19.29,1620
BHASS,2010-06-30,19.04,19.29,19.04,19.04,1220
BHASS,2010-07-01,19.39,19.39,19.05,19.05,929
BHASS,2010-07-02,19.4,19.4,19.06,19.06,2050
BHASS,2010-07-05,19.06,19.06,19.04,19.04,1533
BHASS,2010-07-06,19.01,19.01,18.53,18.53,1140
BHASS,2010-07-07,18.54,19.01,18.54,19.01,3304
BHASS,2010-07-08,19.01,19.01,19.01,19.01,3710
BHASS,2010-07-09,19.01,19.01,18.99,18.99,1546
BHASS,2010-07-12,19.0,19.0,18.55,18.55,1932
BHASS,2010-07-13,18.91,18.91,18.9,18.9,792
BHASS,2010-07-14,18.9,18.99,18.9,18.99,560
BHASS,2010-07-15,18.9,18.9,18.9,18.9,1808
BHASS,2010-07-16,18.9,18.9,18.88,18.88,2687
BHASS,2010-07-19,18.6,18.61,18.6,18.61,661
BHASS,2010-07-20,18.6,18.7,18.6,18.7,832
BHASS,2010-07-21,18.7,19.0,18.7,18.71,292
BHASS,2010-07-22,19.0,19.25,18.72,18.76,1750
BHASS,2010-07-23,18.76,19.0,18.76,19.0,271
BHASS,2010-07-26,18.81,19.0,18.81,19.0,724
BHASS,2010-07-27,18.72,19.25,18.72,19.0,632
BHASS,2010-07-28,18.74,19.0,18.73,19.0,879
BHASS,2010-07-29,18.72,19.0,18.72,18.82,1178
BHASS,2010-07-30,18.81,19.19,18.81,19.19,2051
BHASS,2010-08-02,19.19,19.76,19.19,19.32,403
BHASS,2010-08-03,19.3,19.87,19.3,19.87,607
BHASS,2010-08-04,20.0,20.45,20.0,20.0,1061
BHASS,2010-08-05,20.0,20.6,20.0,20.6,3479
BHASS,2010-08-06,20.6,21.1,20.6,21.0,1270
BHASS,2010-08-09,21.0,21.0,20.6,21.0,1093
BHASS,2010-08-10,20.6,20.97,20.6,20.97,236
BHASS,2010-08-11,20.97,20.97,20.94,20.95,2495
BHASS,2010-08-12,20.95,21.0,20.95,21.0,12639
BHASS,2010-08-16,21.0,21.0,21.0,21.0,200
BHASS,2010-08-17,20.9,21.0,20.9,21.0,2161
BHASS,2010-08-18,21.0,21.05,20.92,20.92,9210
BHASS,2010-08-19,20.93,21.1,20.93,21.1,2119
BHASS,2010-08-20,21.0,21.15,21.0,21.02,2966
BHASS,2010-08-23,21.0,21.65,21.0,21.57,15648
BHASS,2010-08-24,22.54,22.54,22.15,22.15,25824
BHASS,2010-08-25,22.2,22.5,22.2,22.2,9086
BHASS,2010-08-26,22.42,22.42,22.0,22.3,4405
BHASS,2010-08-27,22.4,22.4,22.0,22.3,728
BHASS,2010-08-30,22.35,22.35,22.0,22.3,3358
BHASS,2010-08-31,22.3,22.5,22.2,22.21,2885
BHASS,2010-09-01,22.21,22.21,21.9,22.2,2286
BHASS,2010-09-02,22.1,22.49,22.1,22.4,2793
BHASS,2010-09-03,22.7,23.0,22.7,22.7,8726
BHASS,2010-09-06,22.79,22.79,22.5,22.5,2213
BHASS,2010-09-07,22.5,22.5,22.4,22.4,1491
BHASS,2010-09-08,22.4,22.4,22.0,22.37,353
BHASS,2010-09-13,22.3,22.96,22.3,22.96,13497
BHASS,2010-09-14,23.6,24.3,23.6,24.3,61614
BHASS,2010-09-15,24.99,24.99,24.25,24.25,22913
BHASS,2010-09-16,24.3,24.3,23.64,23.9,6764
BHASS,2010-09-17,23.61,23.61,22.91,22.93,49308
BHASS,2010-04-05,21.51,21.51,21.51,21.51,239238
BHASS,2010-04-06,21.7,21.7,21.4,21.4,45218
BHASS,2010-04-07,20.11,20.8,20.11,20.8,41358
BHASS,2010-04-08,20.9,21.01,20.9,21.01,25005
BHASS,2010-04-12,21.05,21.6,21.05,21.6,13552
BHASS,2010-04-13,21.99,22.28,21.99,22.28,19174
BHASS,2010-04-14,22.6,22.6,22.5,22.5,24228
BHASS,2010-04-15,22.2,22.2,21.91,21.91,15816
BHASS,2010-04-16,21.53,22.0,21.53,21.9,10221
BHASS,2010-04-19,21.34,21.71,21.34,21.5,4346
BHASS,2010-04-20,21.16,21.47,21.11,21.47,4912
BHASS,2010-04-21,21.4,21.4,21.2,21.2,9848
BHASS,2010-04-22,21.2,21.3,21.2,21.3,2928
BHASS,2010-04-23,21.51,21.62,21.51,21.62,4552
BHASS,2010-04-26,21.71,21.9,21.71,21.72,8797
BHASS,2010-04-27,21.69,21.81,21.69,21.81,9875
BHASS,2010-04-28,21.9,21.9,21.81,21.82,15251
BHASS,2010-04-29,21.81,21.82,21.81,21.82,9458
BHASS,2010-04-30,21.8,21.8,21.8,21.8,21898
BHASS,2010-05-03,21.8,21.81,21.8,21.81,3611
BHASS,2010-05-04,21.8,21.8,21.6,21.62,2032
BHASS,2010-05-05,21.6,21.79,21.6,21.63,4506
BHASS,2010-05-06,21.7,21.7,21.69,21.7,4258
BHASS,2010-05-07,21.8,21.8,21.6,21.6,5921
BHASS,2010-05-10,21.6,21.6,21.53,21.6,5611
BHASS,2010-05-11,21.6,21.6,21.49,21.49,1394
BHASS,2010-05-12,21.26,21.49,21.26,21.49,3471
BHASS,2010-05-13,21.49,21.49,21.34,21.48,1832
BHASS,2010-05-14,21.47,21.47,21.3,21.3,3711
BHASS,2010-05-17,21.27,21.3,21.2,21.2,2887
BHASS,2010-05-18,20.85,20.9,20.85,20.9,8384
BHASS,2010-05-19,20.85,20.85,20.85,20.85,3132
BHASS,2010-05-20,20.86,20.86,20.85,20.85,2429
BHASS,2010-05-21,20.85,20.85,20.67,20.67,11978
BHASS,2010-05-24,20.67,20.67,20.6,20.6,1471
BHASS,2010-05-25,20.59,20.59,20.27,20.27,1735
BHASS,2010-05-26,20.28,20.6,20.28,20.6,2207
BHASS,2010-05-27,20.3,20.6,20.3,20.6,881
BHASS,2010-05-28,19.6,20.0,19.6,20.0,2192
BHASS,2010-05-31,19.9,20.0,19.9,19.94,3740
BHASS,2010-06-01,20.0,20.0,19.96,19.96,2119
BHASS,2010-06-02,19.95,19.95,19.95,19.95,2200
BHASS,2010-06-03,19.96,19.96,19.63,19.63,1413
BHASS,2010-06-04,19.7,19.7,19.7,19.7,5428
BHASS,2010-06-07,19.7,19.7,19.7,19.7,4201
BHASS,2010-06-08,19.7,19.7,19.61,19.61,4400
BHASS,2010-06-09,19.61,19.69,19.61,19.63,12875
BHASS,2010-06-10,19.63,19.95,19.63,19.95,1821
BHASS,2010-06-11,19.95,19.95,19.8,19.95,3363
BHASS,2010-06-14,19.61,19.92,19.61,19.7,1672
BHASS,2010-06-15,19.65,19.66,19.51,19.51,4358
BHASS,2010-06-16,19.52,19.54,19.52,19.54,1871
BHASS,2010-06-17,19.55,19.56,19.55,19.56,1181
BHASS,2010-06-18,19.51,19.51,19.42,19.42,1288
BHASS,2010-06-21,19.41,19.41,19.4,19.4,4354
BHASS,2010-06-22,18.92,19.02,18.92,19.02,6588
BHASS,2010-06-23,19.05,19.05,19.0,19.02,8237
BHASS,2010-06-24,19.02,19.1,19.02,19.1,1055
